scientificName,category,reason,reviewDate,originalCoordinatePrecision
Accipiter gentilis,high,Derived provisionally from Swedish restricted-access list (5km); mapped to GBIF high (0.1 degree) to retain at least the source 5km generalisation. Curator review due 2027-10-05.,2027-10-05,Not specified in Swedish source list
Accipiter gentilis buteoides,high,Derived provisionally from Swedish restricted-access list (5km); mapped to GBIF high (0.1 degree) to retain at least the source 5km generalisation. Curator review due 2027-10-05.,2027-10-05,Not specified in Swedish source list
Accipiter gentilis gentilis,high,Derived provisionally from Swedish restricted-access list (5km); mapped to GBIF high (0.1 degree) to retain at least the source 5km generalisation. Curator review due 2027-10-05.,2027-10-05,Not specified in Swedish source list
Alcedo atthis,high,Derived provisionally from Swedish restricted-access list (5km); mapped to GBIF high (0.1 degree) to retain at least the source 5km generalisation. Curator review due 2027-10-05.,2027-10-05,Not specified in Swedish source list
Alcedo atthis atthis,high,Derived provisionally from Swedish restricted-access list (5km); mapped to GBIF high (0.1 degree) to retain at least the source 5km generalisation. Curator review due 2027-10-05.,2027-10-05,Not specified in Swedish source list
Ampedus nigerrimus,high,Derived provisionally from Swedish restricted-access list (5km); mapped to GBIF high (0.1 degree) to retain at least the source 5km generalisation. Curator review due 2027-10-05.,2027-10-05,Not specified in Swedish source list
Anacamptis palustris,high,Derived provisionally from Swedish restricted-access list (5km); mapped to GBIF high (0.1 degree) to retain at least the source 5km generalisation. Curator review due 2027-10-05.,2027-10-05,Not specified in Swedish source list
Anacamptis pyramidalis,high,Derived provisionally from Swedish restricted-access list (5km); mapped to GBIF high (0.1 degree) to retain at least the source 5km generalisation. Curator review due 2027-10-05.,2027-10-05,Not specified in Swedish source list
Andrena chrysopyga,high,Derived provisionally from Swedish restricted-access list (5km); mapped to GBIF high (0.1 degree) to retain at least the source 5km generalisation. Curator review due 2027-10-05.,2027-10-05,Not specified in Swedish source list
Anser erythropus,extreme,Derived provisionally from Swedish restricted-access list (50km); mapped to GBIF extreme (coordinates suppressed) because Table 7 has no 25km or 50km rounding category. Curator review due 2027-10-05.,2027-10-05,Not specified in Swedish source list
Anser fabalis,high,Derived provisionally from Swedish restricted-access list (5km); mapped to GBIF high (0.1 degree) to retain at least the source 5km generalisation. Curator review due 2027-10-05.,2027-10-05,Not specified in Swedish source list
Anser fabalis fabalis,high,Derived provisionally from Swedish restricted-access list (5km); mapped to GBIF high (0.1 degree) to retain at least the source 5km generalisation. Curator review due 2027-10-05.,2027-10-05,Not specified in Swedish source list
Aquila chrysaetos,extreme,Derived provisionally from Swedish restricted-access list (25km); mapped to GBIF extreme (coordinates suppressed) because Table 7 has no 25km or 50km rounding category. Curator review due 2027-10-05.,2027-10-05,Not specified in Swedish source list
Aquila chrysaetos chrysaetos,extreme,Derived provisionally from Swedish restricted-access list (25km); mapped to GBIF extreme (coordinates suppressed) because Table 7 has no 25km or 50km rounding category. Curator review due 2027-10-05.,2027-10-05,Not specified in Swedish source list
Aquila clanga,extreme,Derived provisionally from Swedish restricted-access list (25km); mapped to GBIF extreme (coordinates suppressed) because Table 7 has no 25km or 50km rounding category. Curator review due 2027-10-05.,2027-10-05,Not specified in Swedish source list
Aquila pomarina,extreme,Derived provisionally from Swedish restricted-access list (25km); mapped to GBIF extreme (coordinates suppressed) because Table 7 has no 25km or 50km rounding category. Curator review due 2027-10-05.,2027-10-05,Not specified in Swedish source list
Arctomia fascicularis,high,Derived provisionally from Swedish restricted-access list (5km); mapped to GBIF high (0.1 degree) to retain at least the source 5km generalisation. Curator review due 2027-10-05.,2027-10-05,Not specified in Swedish source list
Asio flammeus,high,Derived provisionally from Swedish restricted-access list (5km); mapped to GBIF high (0.1 degree) to retain at least the source 5km generalisation. Curator review due 2027-10-05.,2027-10-05,Not specified in Swedish source list
Asio flammeus flammeus,high,Derived provisionally from Swedish restricted-access list (5km); mapped to GBIF high (0.1 degree) to retain at least the source 5km generalisation. Curator review due 2027-10-05.,2027-10-05,Not specified in Swedish source list
Asplenium adulterinum,high,Derived provisionally from Swedish restricted-access list (5km); mapped to GBIF high (0.1 degree) to retain at least the source 5km generalisation. Curator review due 2027-10-05.,2027-10-05,Not specified in Swedish source list
Asplenium adulterinum x trichomanes subsp. quadrivalens,high,Derived provisionally from Swedish restricted-access list (5km); mapped to GBIF high (0.1 degree) to retain at least the source 5km generalisation. Curator review due 2027-10-05.,2027-10-05,Not specified in Swedish source list
Asplenium adulterinum x viride,high,Derived provisionally from Swedish restricted-access list (5km); mapped to GBIF high (0.1 degree) to retain at least the source 5km generalisation. Curator review due 2027-10-05.,2027-10-05,Not specified in Swedish source list
Asplenium adulterinum × trichomanes,high,Derived provisionally from Swedish restricted-access list (5km); mapped to GBIF high (0.1 degree) to retain at least the source 5km generalisation. Curator review due 2027-10-05.,2027-10-05,Not specified in Swedish source list
Asplenium adulterinum × trichomanes subsp. trichomanes,high,Derived provisionally from Swedish restricted-access list (5km); mapped to GBIF high (0.1 degree) to retain at least the source 5km generalisation. Curator review due 2027-10-05.,2027-10-05,Not specified in Swedish source list
Asplenium ceterach,high,Derived provisionally from Swedish restricted-access list (5km); mapped to GBIF high (0.1 degree) to retain at least the source 5km generalisation. Curator review due 2027-10-05.,2027-10-05,Not specified in Swedish source list
Asplenium scolopendrium,high,Derived provisionally from Swedish restricted-access list (5km); mapped to GBIF high (0.1 degree) to retain at least the source 5km generalisation. Curator review due 2027-10-05.,2027-10-05,Not specified in Swedish source list
Botrychium simplex,high,Derived provisionally from Swedish restricted-access list (5km); mapped to GBIF high (0.1 degree) to retain at least the source 5km generalisation. Curator review due 2027-10-05.,2027-10-05,Not specified in Swedish source list
Botrychium tenebrosum,high,Derived provisionally from Swedish restricted-access list (5km); mapped to GBIF high (0.1 degree) to retain at least the source 5km generalisation. Curator review due 2027-10-05.,2027-10-05,Not specified in Swedish source list
Bryoria smithii,high,Derived provisionally from Swedish restricted-access list (5km); mapped to GBIF high (0.1 degree) to retain at least the source 5km generalisation. Curator review due 2027-10-05.,2027-10-05,Not specified in Swedish source list
Bubo bubo,extreme,Derived provisionally from Swedish restricted-access list (25km); mapped to GBIF extreme (coordinates suppressed) because Table 7 has no 25km or 50km rounding category. Curator review due 2027-10-05.,2027-10-05,Not specified in Swedish source list
Bubo bubo bubo,extreme,Derived provisionally from Swedish restricted-access list (25km); mapped to GBIF extreme (coordinates suppressed) because Table 7 has no 25km or 50km rounding category. Curator review due 2027-10-05.,2027-10-05,Not specified in Swedish source list
Bubo scandiacus,extreme,Derived provisionally from Swedish restricted-access list (50km); mapped to GBIF extreme (coordinates suppressed) because Table 7 has no 25km or 50km rounding category. Curator review due 2027-10-05.,2027-10-05,Not specified in Swedish source list
Buteo lagopus,high,Derived provisionally from Swedish restricted-access list (5km); mapped to GBIF high (0.1 degree) to retain at least the source 5km generalisation. Curator review due 2027-10-05.,2027-10-05,Not specified in Swedish source list
Buteo lagopus lagopus,high,Derived provisionally from Swedish restricted-access list (5km); mapped to GBIF high (0.1 degree) to retain at least the source 5km generalisation. Curator review due 2027-10-05.,2027-10-05,Not specified in Swedish source list
Calicium lenticulare,high,Derived provisionally from Swedish restricted-access list (5km); mapped to GBIF high (0.1 degree) to retain at least the source 5km generalisation. Curator review due 2027-10-05.,2027-10-05,Not specified in Swedish source list
Calosoma auropunctatum,high,Derived provisionally from Swedish restricted-access list (5km); mapped to GBIF high (0.1 degree) to retain at least the source 5km generalisation. Curator review due 2027-10-05.,2027-10-05,Not specified in Swedish source list
Calosoma reticulatum,high,Derived provisionally from Swedish restricted-access list (5km); mapped to GBIF high (0.1 degree) to retain at least the source 5km generalisation. Curator review due 2027-10-05.,2027-10-05,Not specified in Swedish source list
Calypso,high,Derived provisionally from Swedish restricted-access list (5km); mapped to GBIF high (0.1 degree) to retain at least the source 5km generalisation. Curator review due 2027-10-05.,2027-10-05,Not specified in Swedish source list
Calypso bulbosa,high,Derived provisionally from Swedish restricted-access list (5km); mapped to GBIF high (0.1 degree) to retain at least the source 5km generalisation. Curator review due 2027-10-05.,2027-10-05,Not specified in Swedish source list
Canis lupus,extreme,Derived provisionally from Swedish restricted-access list (50km); mapped to GBIF extreme (coordinates suppressed) because Table 7 has no 25km or 50km rounding category. Curator review due 2027-10-05.,2027-10-05,Not specified in Swedish source list
Canis lupus lupus,extreme,Derived provisionally from Swedish restricted-access list (50km); mapped to GBIF extreme (coordinates suppressed) because Table 7 has no 25km or 50km rounding category. Curator review due 2027-10-05.,2027-10-05,Not specified in Swedish source list
Cardiophorus gramineus,high,Derived provisionally from Swedish restricted-access list (5km); mapped to GBIF high (0.1 degree) to retain at least the source 5km generalisation. Curator review due 2027-10-05.,2027-10-05,Not specified in Swedish source list
Cephalanthera damasonium,high,Derived provisionally from Swedish restricted-access list (5km); mapped to GBIF high (0.1 degree) to retain at least the source 5km generalisation. Curator review due 2027-10-05.,2027-10-05,Not specified in Swedish source list
Cephalanthera damasonium × longifolia,high,Derived provisionally from Swedish restricted-access list (5km); mapped to GBIF high (0.1 degree) to retain at least the source 5km generalisation. Curator review due 2027-10-05.,2027-10-05,Not specified in Swedish source list
Cephalanthera longifolia × rubra,high,Derived provisionally from Swedish restricted-access list (5km); mapped to GBIF high (0.1 degree) to retain at least the source 5km generalisation. Curator review due 2027-10-05.,2027-10-05,Not specified in Swedish source list
Cephalanthera rubra,high,Derived provisionally from Swedish restricted-access list (5km); mapped to GBIF high (0.1 degree) to retain at least the source 5km generalisation. Curator review due 2027-10-05.,2027-10-05,Not specified in Swedish source list
Cerambyx cerdo,high,Derived provisionally from Swedish restricted-access list (5km); mapped to GBIF high (0.1 degree) to retain at least the source 5km generalisation. Curator review due 2027-10-05.,2027-10-05,Not specified in Swedish source list
Cetrelia cetrarioides,high,Derived provisionally from Swedish restricted-access list (5km); mapped to GBIF high (0.1 degree) to retain at least the source 5km generalisation. Curator review due 2027-10-05.,2027-10-05,Not specified in Swedish source list
Cetrelia monachorum,high,Derived provisionally from Swedish restricted-access list (5km); mapped to GBIF high (0.1 degree) to retain at least the source 5km generalisation. Curator review due 2027-10-05.,2027-10-05,Not specified in Swedish source list
Cetrelia olivetorum,high,Derived provisionally from Swedish restricted-access list (5km); mapped to GBIF high (0.1 degree) to retain at least the source 5km generalisation. Curator review due 2027-10-05.,2027-10-05,Not specified in Swedish source list
Chalcophora mariana,high,Derived provisionally from Swedish restricted-access list (5km); mapped to GBIF high (0.1 degree) to retain at least the source 5km generalisation. Curator review due 2027-10-05.,2027-10-05,Not specified in Swedish source list
Charadrius alexandrinus,high,Derived provisionally from Swedish restricted-access list (5km); mapped to GBIF high (0.1 degree) to retain at least the source 5km generalisation. Curator review due 2027-10-05.,2027-10-05,Not specified in Swedish source list
Charadrius alexandrinus alexandrinus,high,Derived provisionally from Swedish restricted-access list (5km); mapped to GBIF high (0.1 degree) to retain at least the source 5km generalisation. Curator review due 2027-10-05.,2027-10-05,Not specified in Swedish source list
Chenopodium vulvaria,high,Derived provisionally from Swedish restricted-access list (5km); mapped to GBIF high (0.1 degree) to retain at least the source 5km generalisation. Curator review due 2027-10-05.,2027-10-05,Not specified in Swedish source list
Ciconia nigra,extreme,Derived provisionally from Swedish restricted-access list (25km); mapped to GBIF extreme (coordinates suppressed) because Table 7 has no 25km or 50km rounding category. Curator review due 2027-10-05.,2027-10-05,Not specified in Swedish source list
Circus cyaneus,high,Derived provisionally from Swedish restricted-access list (5km); mapped to GBIF high (0.1 degree) to retain at least the source 5km generalisation. Curator review due 2027-10-05.,2027-10-05,Not specified in Swedish source list
Circus cyaneus cyaneus,high,Derived provisionally from Swedish restricted-access list (5km); mapped to GBIF high (0.1 degree) to retain at least the source 5km generalisation. Curator review due 2027-10-05.,2027-10-05,Not specified in Swedish source list
Circus macrourus,extreme,"Derived provisionally from Swedish restricted-access list (5km, 25km); mapped to GBIF extreme (coordinates suppressed) because Table 7 has no 25km or 50km rounding category; conflicting source levels, most protective applied. Curator review due 2027-10-05.",2027-10-05,Not specified in Swedish source list
Circus macrourus x cyaneus,high,Derived provisionally from Swedish restricted-access list (5km); mapped to GBIF high (0.1 degree) to retain at least the source 5km generalisation. Curator review due 2027-10-05.,2027-10-05,Not specified in Swedish source list
Circus pygargus,extreme,Derived provisionally from Swedish restricted-access list (25km); mapped to GBIF extreme (coordinates suppressed) because Table 7 has no 25km or 50km rounding category. Curator review due 2027-10-05.,2027-10-05,Not specified in Swedish source list
Coracias garrulus,extreme,Derived provisionally from Swedish restricted-access list (25km); mapped to GBIF extreme (coordinates suppressed) because Table 7 has no 25km or 50km rounding category. Curator review due 2027-10-05.,2027-10-05,Not specified in Swedish source list
Coracias garrulus garrulus,extreme,Derived provisionally from Swedish restricted-access list (25km); mapped to GBIF extreme (coordinates suppressed) because Table 7 has no 25km or 50km rounding category. Curator review due 2027-10-05.,2027-10-05,Not specified in Swedish source list
Cypripedium,high,Derived provisionally from Swedish restricted-access list (5km); mapped to GBIF high (0.1 degree) to retain at least the source 5km generalisation. Curator review due 2027-10-05.,2027-10-05,Not specified in Swedish source list
Cypripedium calceolus,high,Derived provisionally from Swedish restricted-access list (5km); mapped to GBIF high (0.1 degree) to retain at least the source 5km generalisation. Curator review due 2027-10-05.,2027-10-05,Not specified in Swedish source list
Dactylorhiza,high,Derived provisionally from Swedish restricted-access list (5km); mapped to GBIF high (0.1 degree) to retain at least the source 5km generalisation. Curator review due 2027-10-05.,2027-10-05,Not specified in Swedish source list
Dactylorhiza incarnata var. incarnata × majalis subsp. integrata,high,Derived provisionally from Swedish restricted-access list (5km); mapped to GBIF high (0.1 degree) to retain at least the source 5km generalisation. Curator review due 2027-10-05.,2027-10-05,Not specified in Swedish source list
Dactylorhiza incarnata var. incarnata × majalis subsp. majalis,high,Derived provisionally from Swedish restricted-access list (5km); mapped to GBIF high (0.1 degree) to retain at least the source 5km generalisation. Curator review due 2027-10-05.,2027-10-05,Not specified in Swedish source list
Dactylorhiza incarnata var. ochroleuca × majalis subsp. majalis,high,Derived provisionally from Swedish restricted-access list (5km); mapped to GBIF high (0.1 degree) to retain at least the source 5km generalisation. Curator review due 2027-10-05.,2027-10-05,Not specified in Swedish source list
Dactylorhiza maculata subsp. fuchsii × majalis subsp. elatior,high,Derived provisionally from Swedish restricted-access list (5km); mapped to GBIF high (0.1 degree) to retain at least the source 5km generalisation. Curator review due 2027-10-05.,2027-10-05,Not specified in Swedish source list
Dactylorhiza maculata subsp. fuchsii × majalis subsp. majalis,high,Derived provisionally from Swedish restricted-access list (5km); mapped to GBIF high (0.1 degree) to retain at least the source 5km generalisation. Curator review due 2027-10-05.,2027-10-05,Not specified in Swedish source list
Dactylorhiza maculata subsp. maculata × majalis subsp. majalis,high,Derived provisionally from Swedish restricted-access list (5km); mapped to GBIF high (0.1 degree) to retain at least the source 5km generalisation. Curator review due 2027-10-05.,2027-10-05,Not specified in Swedish source list
Dactylorhiza majalis,high,Derived provisionally from Swedish restricted-access list (5km); mapped to GBIF high (0.1 degree) to retain at least the source 5km generalisation. Curator review due 2027-10-05.,2027-10-05,Not specified in Swedish source list
Dactylorhiza majalis subsp. baltica,high,Derived provisionally from Swedish restricted-access list (5km); mapped to GBIF high (0.1 degree) to retain at least the source 5km generalisation. Curator review due 2027-10-05.,2027-10-05,Not specified in Swedish source list
Dactylorhiza majalis subsp. elatior,high,Derived provisionally from Swedish restricted-access list (5km); mapped to GBIF high (0.1 degree) to retain at least the source 5km generalisation. Curator review due 2027-10-05.,2027-10-05,Not specified in Swedish source list
Dactylorhiza majalis subsp. majalis,high,Derived provisionally from Swedish restricted-access list (5km); mapped to GBIF high (0.1 degree) to retain at least the source 5km generalisation. Curator review due 2027-10-05.,2027-10-05,Not specified in Swedish source list
Dactylorhiza majalis subsp. praetermissa,high,Derived provisionally from Swedish restricted-access list (5km); mapped to GBIF high (0.1 degree) to retain at least the source 5km generalisation. Curator review due 2027-10-05.,2027-10-05,Not specified in Swedish source list
Dendrocopos leucotos,extreme,Derived provisionally from Swedish restricted-access list (25km); mapped to GBIF extreme (coordinates suppressed) because Table 7 has no 25km or 50km rounding category. Curator review due 2027-10-05.,2027-10-05,Not specified in Swedish source list
Dendrocopos leucotos leucotos,extreme,Derived provisionally from Swedish restricted-access list (25km); mapped to GBIF extreme (coordinates suppressed) because Table 7 has no 25km or 50km rounding category. Curator review due 2027-10-05.,2027-10-05,Not specified in Swedish source list
Dendrocopos leucotos x major,extreme,Derived provisionally from Swedish restricted-access list (25km); mapped to GBIF extreme (coordinates suppressed) because Table 7 has no 25km or 50km rounding category. Curator review due 2027-10-05.,2027-10-05,Not specified in Swedish source list
Dendrocoptes medius,high,Derived provisionally from Swedish restricted-access list (5km); mapped to GBIF high (0.1 degree) to retain at least the source 5km generalisation. Curator review due 2027-10-05.,2027-10-05,Not specified in Swedish source list
Dendrocoptes medius medius,high,Derived provisionally from Swedish restricted-access list (5km); mapped to GBIF high (0.1 degree) to retain at least the source 5km generalisation. Curator review due 2027-10-05.,2027-10-05,Not specified in Swedish source list
Epipactis atrorubens × phyllanthes,high,Derived provisionally from Swedish restricted-access list (5km); mapped to GBIF high (0.1 degree) to retain at least the source 5km generalisation. Curator review due 2027-10-05.,2027-10-05,Not specified in Swedish source list
Epipactis helleborine × phyllanthes,high,Derived provisionally from Swedish restricted-access list (5km); mapped to GBIF high (0.1 degree) to retain at least the source 5km generalisation. Curator review due 2027-10-05.,2027-10-05,Not specified in Swedish source list
Epipactis leptochila × phyllanthes,high,Derived provisionally from Swedish restricted-access list (5km); mapped to GBIF high (0.1 degree) to retain at least the source 5km generalisation. Curator review due 2027-10-05.,2027-10-05,Not specified in Swedish source list
Epipactis phyllanthes,high,Derived provisionally from Swedish restricted-access list (5km); mapped to GBIF high (0.1 degree) to retain at least the source 5km generalisation. Curator review due 2027-10-05.,2027-10-05,Not specified in Swedish source list
Epipogium,high,Derived provisionally from Swedish restricted-access list (5km); mapped to GBIF high (0.1 degree) to retain at least the source 5km generalisation. Curator review due 2027-10-05.,2027-10-05,Not specified in Swedish source list
Epipogium aphyllum,high,Derived provisionally from Swedish restricted-access list (5km); mapped to GBIF high (0.1 degree) to retain at least the source 5km generalisation. Curator review due 2027-10-05.,2027-10-05,Not specified in Swedish source list
Eresus sandaliatus,high,Derived provisionally from Swedish restricted-access list (5km); mapped to GBIF high (0.1 degree) to retain at least the source 5km generalisation. Curator review due 2027-10-05.,2027-10-05,Not specified in Swedish source list
Erioderma pedicellatum,high,Derived provisionally from Swedish restricted-access list (5km); mapped to GBIF high (0.1 degree) to retain at least the source 5km generalisation. Curator review due 2027-10-05.,2027-10-05,Not specified in Swedish source list
Evernia illyrica,high,Derived provisionally from Swedish restricted-access list (5km); mapped to GBIF high (0.1 degree) to retain at least the source 5km generalisation. Curator review due 2027-10-05.,2027-10-05,Not specified in Swedish source list
Falco columbarius,high,Derived provisionally from Swedish restricted-access list (5km); mapped to GBIF high (0.1 degree) to retain at least the source 5km generalisation. Curator review due 2027-10-05.,2027-10-05,Not specified in Swedish source list
Falco columbarius aesalon,high,Derived provisionally from Swedish restricted-access list (5km); mapped to GBIF high (0.1 degree) to retain at least the source 5km generalisation. Curator review due 2027-10-05.,2027-10-05,Not specified in Swedish source list
Falco peregrinus,extreme,Derived provisionally from Swedish restricted-access list (50km); mapped to GBIF extreme (coordinates suppressed) because Table 7 has no 25km or 50km rounding category. Curator review due 2027-10-05.,2027-10-05,Not specified in Swedish source list
Falco peregrinus peregrinus,extreme,Derived provisionally from Swedish restricted-access list (50km); mapped to GBIF extreme (coordinates suppressed) because Table 7 has no 25km or 50km rounding category. Curator review due 2027-10-05.,2027-10-05,Not specified in Swedish source list
Falco rusticolus,extreme,Derived provisionally from Swedish restricted-access list (50km); mapped to GBIF extreme (coordinates suppressed) because Table 7 has no 25km or 50km rounding category. Curator review due 2027-10-05.,2027-10-05,Not specified in Swedish source list
Falco subbuteo,high,Derived provisionally from Swedish restricted-access list (5km); mapped to GBIF high (0.1 degree) to retain at least the source 5km generalisation. Curator review due 2027-10-05.,2027-10-05,Not specified in Swedish source list
Falco subbuteo subbuteo,high,Derived provisionally from Swedish restricted-access list (5km); mapped to GBIF high (0.1 degree) to retain at least the source 5km generalisation. Curator review due 2027-10-05.,2027-10-05,Not specified in Swedish source list
Falco vespertinus,high,Derived provisionally from Swedish restricted-access list (5km); mapped to GBIF high (0.1 degree) to retain at least the source 5km generalisation. Curator review due 2027-10-05.,2027-10-05,Not specified in Swedish source list
Gallinago media,high,Derived provisionally from Swedish restricted-access list (5km); mapped to GBIF high (0.1 degree) to retain at least the source 5km generalisation. Curator review due 2027-10-05.,2027-10-05,Not specified in Swedish source list
Gavia stellata,high,Derived provisionally from Swedish restricted-access list (5km); mapped to GBIF high (0.1 degree) to retain at least the source 5km generalisation. Curator review due 2027-10-05.,2027-10-05,Not specified in Swedish source list
Geastrum flexuosum,high,Derived provisionally from Swedish restricted-access list (5km); mapped to GBIF high (0.1 degree) to retain at least the source 5km generalisation. Curator review due 2027-10-05.,2027-10-05,Not specified in Swedish source list
Gulo gulo,extreme,Derived provisionally from Swedish restricted-access list (50km); mapped to GBIF extreme (coordinates suppressed) because Table 7 has no 25km or 50km rounding category. Curator review due 2027-10-05.,2027-10-05,Not specified in Swedish source list
Gymnadenia conopsea x odoratissima,high,Derived provisionally from Swedish restricted-access list (5km); mapped to GBIF high (0.1 degree) to retain at least the source 5km generalisation. Curator review due 2027-10-05.,2027-10-05,Not specified in Swedish source list
Gymnadenia conopsea x Pseudorchis albida,extreme,Derived provisionally from Swedish restricted-access list (25km); mapped to GBIF extreme (coordinates suppressed) because Table 7 has no 25km or 50km rounding category. Curator review due 2027-10-05.,2027-10-05,Not specified in Swedish source list
Gymnadenia nigra,extreme,Derived provisionally from Swedish restricted-access list (25km); mapped to GBIF extreme (coordinates suppressed) because Table 7 has no 25km or 50km rounding category. Curator review due 2027-10-05.,2027-10-05,Not specified in Swedish source list
Gymnadenia odoratissima,high,Derived provisionally from Swedish restricted-access list (5km); mapped to GBIF high (0.1 degree) to retain at least the source 5km generalisation. Curator review due 2027-10-05.,2027-10-05,Not specified in Swedish source list
Gymnadenia runei,high,Derived provisionally from Swedish restricted-access list (5km); mapped to GBIF high (0.1 degree) to retain at least the source 5km generalisation. Curator review due 2027-10-05.,2027-10-05,Not specified in Swedish source list
Haliaeetus albicilla,extreme,Derived provisionally from Swedish restricted-access list (25km); mapped to GBIF extreme (coordinates suppressed) because Table 7 has no 25km or 50km rounding category. Curator review due 2027-10-05.,2027-10-05,Not specified in Swedish source list
Halictus quadricinctus,high,Derived provisionally from Swedish restricted-access list (5km); mapped to GBIF high (0.1 degree) to retain at least the source 5km generalisation. Curator review due 2027-10-05.,2027-10-05,Not specified in Swedish source list
Ischnodes sanguinicollis,high,Derived provisionally from Swedish restricted-access list (5km); mapped to GBIF high (0.1 degree) to retain at least the source 5km generalisation. Curator review due 2027-10-05.,2027-10-05,Not specified in Swedish source list
Lacon lepidopterus,high,Derived provisionally from Swedish restricted-access list (5km); mapped to GBIF high (0.1 degree) to retain at least the source 5km generalisation. Curator review due 2027-10-05.,2027-10-05,Not specified in Swedish source list
Lacon querceus,high,Derived provisionally from Swedish restricted-access list (5km); mapped to GBIF high (0.1 degree) to retain at least the source 5km generalisation. Curator review due 2027-10-05.,2027-10-05,Not specified in Swedish source list
Limosa lapponica,high,Derived provisionally from Swedish restricted-access list (5km); mapped to GBIF high (0.1 degree) to retain at least the source 5km generalisation. Curator review due 2027-10-05.,2027-10-05,Not specified in Swedish source list
Limosa lapponica lapponica,high,Derived provisionally from Swedish restricted-access list (5km); mapped to GBIF high (0.1 degree) to retain at least the source 5km generalisation. Curator review due 2027-10-05.,2027-10-05,Not specified in Swedish source list
Liparis,high,Derived provisionally from Swedish restricted-access list (5km); mapped to GBIF high (0.1 degree) to retain at least the source 5km generalisation. Curator review due 2027-10-05.,2027-10-05,Not specified in Swedish source list
Liparis loeselii,high,Derived provisionally from Swedish restricted-access list (5km); mapped to GBIF high (0.1 degree) to retain at least the source 5km generalisation. Curator review due 2027-10-05.,2027-10-05,Not specified in Swedish source list
Lobaria hallii,high,Derived provisionally from Swedish restricted-access list (5km); mapped to GBIF high (0.1 degree) to retain at least the source 5km generalisation. Curator review due 2027-10-05.,2027-10-05,Not specified in Swedish source list
Lycaeides argyrognomon,high,Derived provisionally from Swedish restricted-access list (5km); mapped to GBIF high (0.1 degree) to retain at least the source 5km generalisation. Curator review due 2027-10-05.,2027-10-05,Not specified in Swedish source list
Lynx lynx,extreme,Derived provisionally from Swedish restricted-access list (25km); mapped to GBIF extreme (coordinates suppressed) because Table 7 has no 25km or 50km rounding category. Curator review due 2027-10-05.,2027-10-05,Not specified in Swedish source list
Lytta vesicatoria,high,Derived provisionally from Swedish restricted-access list (5km); mapped to GBIF high (0.1 degree) to retain at least the source 5km generalisation. Curator review due 2027-10-05.,2027-10-05,Not specified in Swedish source list
Malaxis monophyllos,high,Derived provisionally from Swedish restricted-access list (5km); mapped to GBIF high (0.1 degree) to retain at least the source 5km generalisation. Curator review due 2027-10-05.,2027-10-05,Not specified in Swedish source list
Melitta melanura,high,Derived provisionally from Swedish restricted-access list (5km); mapped to GBIF high (0.1 degree) to retain at least the source 5km generalisation. Curator review due 2027-10-05.,2027-10-05,Not specified in Swedish source list
Mellicta britomartis,extreme,Derived provisionally from Swedish restricted-access list (25km); mapped to GBIF extreme (coordinates suppressed) because Table 7 has no 25km or 50km rounding category. Curator review due 2027-10-05.,2027-10-05,Not specified in Swedish source list
Meloe brevicollis,high,Derived provisionally from Swedish restricted-access list (5km); mapped to GBIF high (0.1 degree) to retain at least the source 5km generalisation. Curator review due 2027-10-05.,2027-10-05,Not specified in Swedish source list
Menegazzia subsimilis,high,Derived provisionally from Swedish restricted-access list (5km); mapped to GBIF high (0.1 degree) to retain at least the source 5km generalisation. Curator review due 2027-10-05.,2027-10-05,Not specified in Swedish source list
Merops apiaster,extreme,Derived provisionally from Swedish restricted-access list (25km); mapped to GBIF extreme (coordinates suppressed) because Table 7 has no 25km or 50km rounding category. Curator review due 2027-10-05.,2027-10-05,Not specified in Swedish source list
Milvus migrans,high,Derived provisionally from Swedish restricted-access list (5km); mapped to GBIF high (0.1 degree) to retain at least the source 5km generalisation. Curator review due 2027-10-05.,2027-10-05,Not specified in Swedish source list
Milvus migrans migrans,high,Derived provisionally from Swedish restricted-access list (5km); mapped to GBIF high (0.1 degree) to retain at least the source 5km generalisation. Curator review due 2027-10-05.,2027-10-05,Not specified in Swedish source list
Milvus milvus,high,Derived provisionally from Swedish restricted-access list (5km); mapped to GBIF high (0.1 degree) to retain at least the source 5km generalisation. Curator review due 2027-10-05.,2027-10-05,Not specified in Swedish source list
Milvus milvus milvus,high,Derived provisionally from Swedish restricted-access list (5km); mapped to GBIF high (0.1 degree) to retain at least the source 5km generalisation. Curator review due 2027-10-05.,2027-10-05,Not specified in Swedish source list
Milvus milvus x migrans,high,Derived provisionally from Swedish restricted-access list (5km); mapped to GBIF high (0.1 degree) to retain at least the source 5km generalisation. Curator review due 2027-10-05.,2027-10-05,Not specified in Swedish source list
Monochamus sartor,high,Derived provisionally from Swedish restricted-access list (5km); mapped to GBIF high (0.1 degree) to retain at least the source 5km generalisation. Curator review due 2027-10-05.,2027-10-05,Not specified in Swedish source list
Myotis bechsteinii,high,Derived provisionally from Swedish restricted-access list (5km); mapped to GBIF high (0.1 degree) to retain at least the source 5km generalisation. Curator review due 2027-10-05.,2027-10-05,Not specified in Swedish source list
Nevesia sampaiana,high,Derived provisionally from Swedish restricted-access list (5km); mapped to GBIF high (0.1 degree) to retain at least the source 5km generalisation. Curator review due 2027-10-05.,2027-10-05,Not specified in Swedish source list
Nomada integra,high,Derived provisionally from Swedish restricted-access list (5km); mapped to GBIF high (0.1 degree) to retain at least the source 5km generalisation. Curator review due 2027-10-05.,2027-10-05,Not specified in Swedish source list
Ophrys apifera,high,Derived provisionally from Swedish restricted-access list (5km); mapped to GBIF high (0.1 degree) to retain at least the source 5km generalisation. Curator review due 2027-10-05.,2027-10-05,Not specified in Swedish source list
Orchidaceae,high,Derived provisionally from Swedish restricted-access list (5km); mapped to GBIF high (0.1 degree) to retain at least the source 5km generalisation. Curator review due 2027-10-05.,2027-10-05,Not specified in Swedish source list
Orchis mascula × spitzelii,high,Derived provisionally from Swedish restricted-access list (5km); mapped to GBIF high (0.1 degree) to retain at least the source 5km generalisation. Curator review due 2027-10-05.,2027-10-05,Not specified in Swedish source list
Orchis spitzelii,high,Derived provisionally from Swedish restricted-access list (5km); mapped to GBIF high (0.1 degree) to retain at least the source 5km generalisation. Curator review due 2027-10-05.,2027-10-05,Not specified in Swedish source list
Orobanche variegata,extreme,Derived provisionally from Swedish restricted-access list (25km); mapped to GBIF extreme (coordinates suppressed) because Table 7 has no 25km or 50km rounding category. Curator review due 2027-10-05.,2027-10-05,Not specified in Swedish source list
Pandion haliaetus,high,Derived provisionally from Swedish restricted-access list (5km); mapped to GBIF high (0.1 degree) to retain at least the source 5km generalisation. Curator review due 2027-10-05.,2027-10-05,Not specified in Swedish source list
Pandion haliaetus haliaetus,high,Derived provisionally from Swedish restricted-access list (5km); mapped to GBIF high (0.1 degree) to retain at least the source 5km generalisation. Curator review due 2027-10-05.,2027-10-05,Not specified in Swedish source list
Parnassius mnemosyne,high,Derived provisionally from Swedish restricted-access list (5km); mapped to GBIF high (0.1 degree) to retain at least the source 5km generalisation. Curator review due 2027-10-05.,2027-10-05,Not specified in Swedish source list
Parnassius mnemosyne argiope,high,Derived provisionally from Swedish restricted-access list (5km); mapped to GBIF high (0.1 degree) to retain at least the source 5km generalisation. Curator review due 2027-10-05.,2027-10-05,Not specified in Swedish source list
Parnassius mnemosyne atlanticus,high,Derived provisionally from Swedish restricted-access list (5km); mapped to GBIF high (0.1 degree) to retain at least the source 5km generalisation. Curator review due 2027-10-05.,2027-10-05,Not specified in Swedish source list
Parnassius mnemosyne nordstromi,high,Derived provisionally from Swedish restricted-access list (5km); mapped to GBIF high (0.1 degree) to retain at least the source 5km generalisation. Curator review due 2027-10-05.,2027-10-05,Not specified in Swedish source list
Parnassius mnemosyne romani,high,Derived provisionally from Swedish restricted-access list (5km); mapped to GBIF high (0.1 degree) to retain at least the source 5km generalisation. Curator review due 2027-10-05.,2027-10-05,Not specified in Swedish source list
Pernis apivorus,high,Derived provisionally from Swedish restricted-access list (5km); mapped to GBIF high (0.1 degree) to retain at least the source 5km generalisation. Curator review due 2027-10-05.,2027-10-05,Not specified in Swedish source list
Platanthera obtusata,extreme,Derived provisionally from Swedish restricted-access list (25km); mapped to GBIF extreme (coordinates suppressed) because Table 7 has no 25km or 50km rounding category. Curator review due 2027-10-05.,2027-10-05,Not specified in Swedish source list
Platanthera oligantha,extreme,Derived provisionally from Swedish restricted-access list (25km); mapped to GBIF extreme (coordinates suppressed) because Table 7 has no 25km or 50km rounding category. Curator review due 2027-10-05.,2027-10-05,Not specified in Swedish source list
Plebejus argyrognomon,high,Derived provisionally from Swedish restricted-access list (5km); mapped to GBIF high (0.1 degree) to retain at least the source 5km generalisation. Curator review due 2027-10-05.,2027-10-05,Not specified in Swedish source list
Polystichum aculeatum x braunii,high,Derived provisionally from Swedish restricted-access list (5km); mapped to GBIF high (0.1 degree) to retain at least the source 5km generalisation. Curator review due 2027-10-05.,2027-10-05,Not specified in Swedish source list
Polystichum braunii,high,Derived provisionally from Swedish restricted-access list (5km); mapped to GBIF high (0.1 degree) to retain at least the source 5km generalisation. Curator review due 2027-10-05.,2027-10-05,Not specified in Swedish source list
Prostomis mandibularis,high,Derived provisionally from Swedish restricted-access list (5km); mapped to GBIF high (0.1 degree) to retain at least the source 5km generalisation. Curator review due 2027-10-05.,2027-10-05,Not specified in Swedish source list
Pseudorchis albida,extreme,Derived provisionally from Swedish restricted-access list (25km); mapped to GBIF extreme (coordinates suppressed) because Table 7 has no 25km or 50km rounding category. Curator review due 2027-10-05.,2027-10-05,Not specified in Swedish source list
Pyrenula occidentalis,high,Derived provisionally from Swedish restricted-access list (5km); mapped to GBIF high (0.1 degree) to retain at least the source 5km generalisation. Curator review due 2027-10-05.,2027-10-05,Not specified in Swedish source list
Ranunculus ophioglossifolius,high,Derived provisionally from Swedish restricted-access list (5km); mapped to GBIF high (0.1 degree) to retain at least the source 5km generalisation. Curator review due 2027-10-05.,2027-10-05,Not specified in Swedish source list
Reitterelater dubius,high,Derived provisionally from Swedish restricted-access list (5km); mapped to GBIF high (0.1 degree) to retain at least the source 5km generalisation. Curator review due 2027-10-05.,2027-10-05,Not specified in Swedish source list
Ricasolia amplissima,high,Derived provisionally from Swedish restricted-access list (5km); mapped to GBIF high (0.1 degree) to retain at least the source 5km generalisation. Curator review due 2027-10-05.,2027-10-05,Not specified in Swedish source list
Sphecodes spinulosus,high,Derived provisionally from Swedish restricted-access list (5km); mapped to GBIF high (0.1 degree) to retain at least the source 5km generalisation. Curator review due 2027-10-05.,2027-10-05,Not specified in Swedish source list
Stereocaulon delisei,high,Derived provisionally from Swedish restricted-access list (5km); mapped to GBIF high (0.1 degree) to retain at least the source 5km generalisation. Curator review due 2027-10-05.,2027-10-05,Not specified in Swedish source list
Stereocaulon incrustatum,high,Derived provisionally from Swedish restricted-access list (5km); mapped to GBIF high (0.1 degree) to retain at least the source 5km generalisation. Curator review due 2027-10-05.,2027-10-05,Not specified in Swedish source list
Sticta fuliginoides,high,Derived provisionally from Swedish restricted-access list (5km); mapped to GBIF high (0.1 degree) to retain at least the source 5km generalisation. Curator review due 2027-10-05.,2027-10-05,Not specified in Swedish source list
Sticta limbata,high,Derived provisionally from Swedish restricted-access list (5km); mapped to GBIF high (0.1 degree) to retain at least the source 5km generalisation. Curator review due 2027-10-05.,2027-10-05,Not specified in Swedish source list
Sticta sylvatica,high,Derived provisionally from Swedish restricted-access list (5km); mapped to GBIF high (0.1 degree) to retain at least the source 5km generalisation. Curator review due 2027-10-05.,2027-10-05,Not specified in Swedish source list
Strix nebulosa,high,Derived provisionally from Swedish restricted-access list (5km); mapped to GBIF high (0.1 degree) to retain at least the source 5km generalisation. Curator review due 2027-10-05.,2027-10-05,Not specified in Swedish source list
Strix nebulosa lapponica,high,Derived provisionally from Swedish restricted-access list (5km); mapped to GBIF high (0.1 degree) to retain at least the source 5km generalisation. Curator review due 2027-10-05.,2027-10-05,Not specified in Swedish source list
Strix uralensis,high,Derived provisionally from Swedish restricted-access list (5km); mapped to GBIF high (0.1 degree) to retain at least the source 5km generalisation. Curator review due 2027-10-05.,2027-10-05,Not specified in Swedish source list
Strix uralensis liturata,high,Derived provisionally from Swedish restricted-access list (5km); mapped to GBIF high (0.1 degree) to retain at least the source 5km generalisation. Curator review due 2027-10-05.,2027-10-05,Not specified in Swedish source list
Surnia ulula,high,Derived provisionally from Swedish restricted-access list (5km); mapped to GBIF high (0.1 degree) to retain at least the source 5km generalisation. Curator review due 2027-10-05.,2027-10-05,Not specified in Swedish source list
Surnia ulula ulula,high,Derived provisionally from Swedish restricted-access list (5km); mapped to GBIF high (0.1 degree) to retain at least the source 5km generalisation. Curator review due 2027-10-05.,2027-10-05,Not specified in Swedish source list
Tetrao urogallus,high,Derived provisionally from Swedish restricted-access list (5km); mapped to GBIF high (0.1 degree) to retain at least the source 5km generalisation. Curator review due 2027-10-05.,2027-10-05,Not specified in Swedish source list
Tetrao urogallus urogallus,high,Derived provisionally from Swedish restricted-access list (5km); mapped to GBIF high (0.1 degree) to retain at least the source 5km generalisation. Curator review due 2027-10-05.,2027-10-05,Not specified in Swedish source list
Trapeliopsis viridescens,high,Derived provisionally from Swedish restricted-access list (5km); mapped to GBIF high (0.1 degree) to retain at least the source 5km generalisation. Curator review due 2027-10-05.,2027-10-05,Not specified in Swedish source list
Tuber aestivum,high,Derived provisionally from Swedish restricted-access list (5km); mapped to GBIF high (0.1 degree) to retain at least the source 5km generalisation. Curator review due 2027-10-05.,2027-10-05,Not specified in Swedish source list
Tuber mesentericum,high,Derived provisionally from Swedish restricted-access list (5km); mapped to GBIF high (0.1 degree) to retain at least the source 5km generalisation. Curator review due 2027-10-05.,2027-10-05,Not specified in Swedish source list
Tyto alba,extreme,Derived provisionally from Swedish restricted-access list (25km); mapped to GBIF extreme (coordinates suppressed) because Table 7 has no 25km or 50km rounding category. Curator review due 2027-10-05.,2027-10-05,Not specified in Swedish source list
Tyto alba alba,extreme,Derived provisionally from Swedish restricted-access list (25km); mapped to GBIF extreme (coordinates suppressed) because Table 7 has no 25km or 50km rounding category. Curator review due 2027-10-05.,2027-10-05,Not specified in Swedish source list
Tyto alba guttata,extreme,Derived provisionally from Swedish restricted-access list (25km); mapped to GBIF extreme (coordinates suppressed) because Table 7 has no 25km or 50km rounding category. Curator review due 2027-10-05.,2027-10-05,Not specified in Swedish source list
Upupa epops,high,Derived provisionally from Swedish restricted-access list (5km); mapped to GBIF high (0.1 degree) to retain at least the source 5km generalisation. Curator review due 2027-10-05.,2027-10-05,Not specified in Swedish source list
Upupa epops epops,high,Derived provisionally from Swedish restricted-access list (5km); mapped to GBIF high (0.1 degree) to retain at least the source 5km generalisation. Curator review due 2027-10-05.,2027-10-05,Not specified in Swedish source list
Ursus arctos,extreme,Derived provisionally from Swedish restricted-access list (25km); mapped to GBIF extreme (coordinates suppressed) because Table 7 has no 25km or 50km rounding category. Curator review due 2027-10-05.,2027-10-05,Not specified in Swedish source list
Ursus arctos arctos,extreme,Derived provisionally from Swedish restricted-access list (25km); mapped to GBIF extreme (coordinates suppressed) because Table 7 has no 25km or 50km rounding category. Curator review due 2027-10-05.,2027-10-05,Not specified in Swedish source list
Viola alba,high,Derived provisionally from Swedish restricted-access list (5km); mapped to GBIF high (0.1 degree) to retain at least the source 5km generalisation. Curator review due 2027-10-05.,2027-10-05,Not specified in Swedish source list
Viola alba x hirta,high,Derived provisionally from Swedish restricted-access list (5km); mapped to GBIF high (0.1 degree) to retain at least the source 5km generalisation. Curator review due 2027-10-05.,2027-10-05,Not specified in Swedish source list
Viola alba x odorata,high,Derived provisionally from Swedish restricted-access list (5km); mapped to GBIF high (0.1 degree) to retain at least the source 5km generalisation. Curator review due 2027-10-05.,2027-10-05,Not specified in Swedish source list
Vulpes lagopus,extreme,Derived provisionally from Swedish restricted-access list (25km); mapped to GBIF extreme (coordinates suppressed) because Table 7 has no 25km or 50km rounding category. Curator review due 2027-10-05.,2027-10-05,Not specified in Swedish source list
