"Supplied Name","guid","scientificName","family","kingdom","id","taxonID","raw.kingdom","phylum","class","order","raw.family","genus","taxonRank","vernacular name","generalisation","scientificNameAuthorship"
"Falco peregrinus/rusticolus","2481047","Falco peregrinus","Falconidae","Animalia","urn:lsid:dyntaxa.se:Taxon:266815","urn:lsid:dyntaxa.se:Taxon:266815","Animalia","Chordata","Aves","Falconiformes","Falconidae","Falco","speciesAggregate","pilgrimsfalk/jaktfalk","50km",
"Falco rusticolus","8069880","Falco rusticolus","Falconidae","Animalia","urn:lsid:dyntaxa.se:Taxon:100055","urn:lsid:dyntaxa.se:Taxon:100055","Animalia","Chordata","Aves","Falconiformes","Falconidae","Falco","species","jaktfalk","50km","Linnaeus, 1758"
"Falco rusticolus, white morph","8069880","Falco rusticolus","Falconidae","Animalia","urn:lsid:dyntaxa.se:Taxon:267302","urn:lsid:dyntaxa.se:Taxon:267302","Animalia","Chordata","Aves","Falconiformes","Falconidae","Falco","form","jaktfalk, vit morf","50km",
"Falco rusticolus, dark morph","8069880","Falco rusticolus","Falconidae","Animalia","urn:lsid:dyntaxa.se:Taxon:267303","urn:lsid:dyntaxa.se:Taxon:267303","Animalia","Chordata","Aves","Falconiformes","Falconidae","Falco","form","jaktfalk, mörk morf","50km",
"Canis lupus","5219173","Canis lupus","Canidae","Animalia","urn:lsid:dyntaxa.se:Taxon:267320","urn:lsid:dyntaxa.se:Taxon:267320","Animalia","Chordata","Mammalia","Carnivora","Canidae","Canis","species","varg [inkl. hund]","50km","Linnaeus, 1758"
"Canis lupus lupus","7193871","Canis lupus lupus","Canidae","Animalia","urn:lsid:dyntaxa.se:Taxon:100024","urn:lsid:dyntaxa.se:Taxon:100024","Animalia","Chordata","Mammalia","Carnivora","Canidae","Canis","subspecies","eurasiatisk skogsvarg","50km","Linnaeus, 1758"
"Bubo scandiacus","5959143","Bubo scandiacus","Strigidae","Animalia","urn:lsid:dyntaxa.se:Taxon:100093","urn:lsid:dyntaxa.se:Taxon:100093","Animalia","Chordata","Aves","Strigiformes","Strigidae","Bubo","species","fjälluggla","50km","(Linnaeus, 1758)"
"Anser erythropus","2498026","Anser erythropus","Anatidae","Animalia","urn:lsid:dyntaxa.se:Taxon:100008","urn:lsid:dyntaxa.se:Taxon:100008","Animalia","Chordata","Aves","Anseriformes","Anatidae","Anser","species","fjällgås","50km","(Linnaeus, 1758)"
"Falco peregrinus","2481047","Falco peregrinus","Falconidae","Animalia","urn:lsid:dyntaxa.se:Taxon:100054","urn:lsid:dyntaxa.se:Taxon:100054","Animalia","Chordata","Aves","Falconiformes","Falconidae","Falco","species","pilgrimsfalk","50km","Tunstall, 1771"
"Gulo gulo","5219073","Gulo gulo","Mustelidae","Animalia","urn:lsid:dyntaxa.se:Taxon:100066","urn:lsid:dyntaxa.se:Taxon:100066","Animalia","Chordata","Mammalia","Carnivora","Mustelidae","Gulo","species","järv","50km","(Linnaeus, 1758)"
"Falco peregrinus peregrinus","8873117","Falco peregrinus peregrinus","Falconidae","Animalia","urn:lsid:dyntaxa.se:Taxon:233903","urn:lsid:dyntaxa.se:Taxon:233903","Animalia","Chordata","Aves","Falconiformes","Falconidae","Falco","subspecies","pilgrimsfalk, underarten peregrinus","50km","Tunstall, 1771"
"Circus macrourus","2480491","Circus macrourus","Accipitridae","Animalia","urn:lsid:dyntaxa.se:Taxon:205543","urn:lsid:dyntaxa.se:Taxon:205543","Animalia","Chordata","Aves","Accipitriformes","Accipitridae","Circus","species","stäpphök","25km","(S.G.Gmelin, 1771)"
"Circus macrourus/pygargus","2480491","Circus macrourus","Accipitridae","Animalia","urn:lsid:dyntaxa.se:Taxon:266811","urn:lsid:dyntaxa.se:Taxon:266811","Animalia","Chordata","Aves","Accipitriformes","Accipitridae","Circus","speciesAggregate","stäpphök/ängshök","25km",
"Clanga pomarina/clanga","2480505","Aquila pomarina","Accipitridae","Animalia","urn:lsid:dyntaxa.se:Taxon:266813","urn:lsid:dyntaxa.se:Taxon:266813","Animalia","Chordata","Aves","Accipitriformes","Accipitridae","Clanga","speciesAggregate","mindre skrikörn/större skrikörn","25km",
"Aquila chrysaetos/Haliaeetus albicilla","2480506","Aquila chrysaetos","Accipitridae","Animalia","urn:lsid:dyntaxa.se:Taxon:267103","urn:lsid:dyntaxa.se:Taxon:267103","Animalia","Chordata","Aves","Accipitriformes","Accipitridae",,"speciesAggregate","kungsörn/havsörn","25km",
"Dendrocopos leucotos","2477927","Dendrocopos leucotos","Picidae","Animalia","urn:lsid:dyntaxa.se:Taxon:100046","urn:lsid:dyntaxa.se:Taxon:100046","Animalia","Chordata","Aves","Piciformes","Picidae","Dendrocopos","species","vitryggig hackspett","25km","(Bechstein, 1803)"
"Dendrocopos leucotos x major","10341635","Dendrocopos leucotos x major","Picidae","Animalia","urn:lsid:dyntaxa.se:Taxon:267107","urn:lsid:dyntaxa.se:Taxon:267107","Animalia","Chordata","Aves","Piciformes","Picidae","Dendrocopos","species","vitryggig hackspett x större hackspett","25km",
"Platanthera obtusata","2798436","Platanthera obtusata","Orchidaceae","Plantae","urn:lsid:dyntaxa.se:Taxon:1248","urn:lsid:dyntaxa.se:Taxon:1248","Plantae","Tracheophyta","Liliopsida","Asparagales","Orchidaceae","Platanthera","species","lappfela","25km","(Banks ex Pursh) Lindl."
"Orobanche purpurea","3730307","Orobanche variegata","Orobanchaceae","Plantae","urn:lsid:dyntaxa.se:Taxon:1128","urn:lsid:dyntaxa.se:Taxon:1128","Plantae","Tracheophyta","Magnoliopsida","Lamiales","Orobanchaceae","Orobanche","species","röllikesnyltrot","25km","Jacq."
"Gymnadenia nigra","2840590","Gymnadenia nigra","Orchidaceae","Plantae","urn:lsid:dyntaxa.se:Taxon:1085","urn:lsid:dyntaxa.se:Taxon:1085","Plantae","Tracheophyta","Liliopsida","Asparagales","Orchidaceae","Gymnadenia","species","brunkulla","25km","(L.) Rchb. f."
"Pseudorchis albida","2787993","Pseudorchis albida","Orchidaceae","Plantae","urn:lsid:dyntaxa.se:Taxon:975","urn:lsid:dyntaxa.se:Taxon:975","Plantae","Tracheophyta","Liliopsida","Asparagales","Orchidaceae","Pseudorchis","species","vityxne","25km","(L.) Á. Löve & D. Löve"
"Vulpes lagopus","5219303","Vulpes lagopus","Canidae","Animalia","urn:lsid:dyntaxa.se:Taxon:100005","urn:lsid:dyntaxa.se:Taxon:100005","Animalia","Chordata","Mammalia","Carnivora","Canidae","Vulpes","species","fjällräv","25km","(Linnaeus, 1758)"
"Aquila chrysaetos","2480506","Aquila chrysaetos","Accipitridae","Animalia","urn:lsid:dyntaxa.se:Taxon:100011","urn:lsid:dyntaxa.se:Taxon:100011","Animalia","Chordata","Aves","Accipitriformes","Accipitridae","Aquila","species","kungsörn","25km","(Linnaeus, 1758)"
"Bubo bubo","5959092","Bubo bubo","Strigidae","Animalia","urn:lsid:dyntaxa.se:Taxon:100020","urn:lsid:dyntaxa.se:Taxon:100020","Animalia","Chordata","Aves","Strigiformes","Strigidae","Bubo","species","berguv","25km","(Linnaeus, 1758)"
"Ciconia nigra","2481909","Ciconia nigra","Ciconiidae","Animalia","urn:lsid:dyntaxa.se:Taxon:100032","urn:lsid:dyntaxa.se:Taxon:100032","Animalia","Chordata","Aves","Ciconiiformes","Ciconiidae","Ciconia","species","svart stork","25km","(Linnaeus, 1758)"
"Circus pygargus","2480495","Circus pygargus","Accipitridae","Animalia","urn:lsid:dyntaxa.se:Taxon:100035","urn:lsid:dyntaxa.se:Taxon:100035","Animalia","Chordata","Aves","Accipitriformes","Accipitridae","Circus","species","ängshök","25km","(Linnaeus, 1758)"
"Coracias garrulus","2475365","Coracias garrulus","Coraciidae","Animalia","urn:lsid:dyntaxa.se:Taxon:100039","urn:lsid:dyntaxa.se:Taxon:100039","Animalia","Chordata","Aves","Coraciiformes","Coraciidae","Coracias","species","blåkråka","25km","Linnaeus, 1758"
"Lynx lynx","2435240","Lynx lynx","Felidae","Animalia","urn:lsid:dyntaxa.se:Taxon:100057","urn:lsid:dyntaxa.se:Taxon:100057","Animalia","Chordata","Mammalia","Carnivora","Felidae","Lynx","species","lo","25km","(Linnaeus, 1758)"
"Haliaeetus albicilla","2480449","Haliaeetus albicilla","Accipitridae","Animalia","urn:lsid:dyntaxa.se:Taxon:100067","urn:lsid:dyntaxa.se:Taxon:100067","Animalia","Chordata","Aves","Accipitriformes","Accipitridae","Haliaeetus","species","havsörn","25km","(Linnaeus, 1758)"
"Gymnadenia conopsea × Pseudorchis albida","10381712","Gymnadenia conopsea x Pseudorchis albida","Orchidaceae","Plantae","urn:lsid:dyntaxa.se:Taxon:223612","urn:lsid:dyntaxa.se:Taxon:223612","Plantae","Tracheophyta","Liliopsida","Asparagales","Orchidaceae",,"species","brudsporre × vityxne","25km",
"Platanthera obtusata subsp. oligantha","2798444","Platanthera oligantha","Orchidaceae","Plantae","urn:lsid:dyntaxa.se:Taxon:223622","urn:lsid:dyntaxa.se:Taxon:223622","Plantae","Tracheophyta","Liliopsida","Asparagales","Orchidaceae","Platanthera","subspecies","lappfela","25km","(Turcz.) Hultén"
"Tyto alba","2497921","Tyto alba","Tytonidae","Animalia","urn:lsid:dyntaxa.se:Taxon:100142","urn:lsid:dyntaxa.se:Taxon:100142","Animalia","Chordata","Aves","Strigiformes","Tytonidae","Tyto","species","tornuggla","25km","(Scopoli, 1769)"
"Ursus arctos","2433433","Ursus arctos","Ursidae","Animalia","urn:lsid:dyntaxa.se:Taxon:100145","urn:lsid:dyntaxa.se:Taxon:100145","Animalia","Chordata","Mammalia","Carnivora","Ursidae","Ursus","species","brunbjörn","25km","Linnaeus, 1758"
"Clanga clanga","2480509","Aquila clanga","Accipitridae","Animalia","urn:lsid:dyntaxa.se:Taxon:103061","urn:lsid:dyntaxa.se:Taxon:103061","Animalia","Chordata","Aves","Accipitriformes","Accipitridae","Clanga","species","större skrikörn","25km","(Pallas, 1811)"
"Aquila chrysaetos chrysaetos","7191166","Aquila chrysaetos chrysaetos","Accipitridae","Animalia","urn:lsid:dyntaxa.se:Taxon:233901","urn:lsid:dyntaxa.se:Taxon:233901","Animalia","Chordata","Aves","Accipitriformes","Accipitridae","Aquila","subspecies","kungsörn, underarten chrysaetos","25km","(Linnaeus, 1758)"
"Tyto alba alba","7191333","Tyto alba alba","Tytonidae","Animalia","urn:lsid:dyntaxa.se:Taxon:233955","urn:lsid:dyntaxa.se:Taxon:233955","Animalia","Chordata","Aves","Strigiformes","Tytonidae","Tyto","subspecies","ljusbröstad tornuggla","25km","(Scopoli, 1769)"
"Tyto alba guttata","6176299","Tyto alba guttata","Tytonidae","Animalia","urn:lsid:dyntaxa.se:Taxon:233956","urn:lsid:dyntaxa.se:Taxon:233956","Animalia","Chordata","Aves","Strigiformes","Tytonidae","Tyto","subspecies","mörkbröstad tornuggla","25km","(C.L. Brehm, 1831)"
"Bubo bubo bubo","7191237","Bubo bubo bubo","Strigidae","Animalia","urn:lsid:dyntaxa.se:Taxon:233958","urn:lsid:dyntaxa.se:Taxon:233958","Animalia","Chordata","Aves","Strigiformes","Strigidae","Bubo","subspecies","berguv, underarten bubo","25km","(Linnaeus, 1759)"
"Coracias garrulus garrulus","7191480","Coracias garrulus garrulus","Coraciidae","Animalia","urn:lsid:dyntaxa.se:Taxon:233975","urn:lsid:dyntaxa.se:Taxon:233975","Animalia","Chordata","Aves","Coraciiformes","Coraciidae","Coracias","subspecies","blåkråka, underarten garrulus","25km","Linnaeus, 1758"
"Dendrocopos leucotos leucotos","7192606","Dendrocopos leucotos leucotos","Picidae","Animalia","urn:lsid:dyntaxa.se:Taxon:233982","urn:lsid:dyntaxa.se:Taxon:233982","Animalia","Chordata","Aves","Piciformes","Picidae","Dendrocopos","subspecies","vitryggig hackspett, underarten leucotos","25km","(Bechstein, 1803)"
"Melitaea britomartis","1913178","Mellicta britomartis","Nymphalidae","Animalia","urn:lsid:dyntaxa.se:Taxon:101300","urn:lsid:dyntaxa.se:Taxon:101300","Animalia","Arthropoda","Insecta","Lepidoptera","Nymphalidae","Melitaea","species","veronikanätfjäril","25km","Assmann, 1847"
"Merops apiaster","2475443","Merops apiaster","Meropidae","Animalia","urn:lsid:dyntaxa.se:Taxon:103071","urn:lsid:dyntaxa.se:Taxon:103071","Animalia","Chordata","Aves","Coraciiformes","Meropidae","Merops","species","biätare","25km","Linnaeus, 1758"
"Ursus arctos arctos","7193950","Ursus arctos arctos","Ursidae","Animalia","urn:lsid:dyntaxa.se:Taxon:6008221","urn:lsid:dyntaxa.se:Taxon:6008221","Animalia","Chordata","Mammalia","Carnivora","Ursidae","Ursus","subspecies","europeisk brunbjörn","25km","Linnaeus, 1758"
"Circus pygargus, dark morph","2480495","Circus pygargus","Accipitridae","Animalia","urn:lsid:dyntaxa.se:Taxon:6051140","urn:lsid:dyntaxa.se:Taxon:6051140","Animalia","Chordata","Aves","Accipitriformes","Accipitridae","Circus","form","ängshök, mörk morf","25km",
"Circus macrourus x cyaneus","10078348","Circus macrourus x cyaneus","Accipitridae","Animalia","urn:lsid:dyntaxa.se:Taxon:266809","urn:lsid:dyntaxa.se:Taxon:266809","Animalia","Chordata","Aves","Accipitriformes","Accipitridae","Circus","species","stäpphök x blå kärrhök","5km",
"Circus macrourus/cyaneus","2480491","Circus macrourus","Accipitridae","Animalia","urn:lsid:dyntaxa.se:Taxon:266810","urn:lsid:dyntaxa.se:Taxon:266810","Animalia","Chordata","Aves","Accipitriformes","Accipitridae","Circus","speciesAggregate","stäpphök/blå kärrhök","5km",
"Strix uralensis/nebulosa","2497509","Strix uralensis","Strigidae","Animalia","urn:lsid:dyntaxa.se:Taxon:266851","urn:lsid:dyntaxa.se:Taxon:266851","Animalia","Chordata","Aves","Strigiformes","Strigidae","Strix","speciesAggregate","slaguggla/lappuggla","5km",
"Dactylorhiza maculata subsp. fuchsii × Gymnadenia odoratissima","7689","Orchidaceae","Orchidaceae","Plantae","urn:lsid:dyntaxa.se:Taxon:223593","urn:lsid:dyntaxa.se:Taxon:223593","Plantae","Tracheophyta","Liliopsida","Asparagales","Orchidaceae",,"species","skogsnycklar × luktsporre","5km",
"Milvus migrans","5229167","Milvus migrans","Accipitridae","Animalia","urn:lsid:dyntaxa.se:Taxon:103060","urn:lsid:dyntaxa.se:Taxon:103060","Animalia","Chordata","Aves","Accipitriformes","Accipitridae","Milvus","species","brun glada","5km","(Boddaert, 1783)"
"Anser fabalis","2498027","Anser fabalis","Anatidae","Animalia","urn:lsid:dyntaxa.se:Taxon:100009","urn:lsid:dyntaxa.se:Taxon:100009","Animalia","Chordata","Aves","Anseriformes","Anatidae","Anser","species","sädgås","5km","(Latham, 1787)"
"Anser fabalis fabalis (staging)","7191106","Anser fabalis fabalis","Anatidae","Animalia","urn:lsid:dyntaxa.se:Taxon:232126","urn:lsid:dyntaxa.se:Taxon:232126","Animalia","Chordata","Aves","Anseriformes","Anatidae","Anser","species","tajgasädgås (rastande)","5km",
"Anser fabalis fabalis","7191106","Anser fabalis fabalis","Anatidae","Animalia","urn:lsid:dyntaxa.se:Taxon:232125","urn:lsid:dyntaxa.se:Taxon:232125","Animalia","Chordata","Aves","Anseriformes","Anatidae","Anser","subspecies","tajgasädgås","5km","(Latham, 1787)"
"Menegazzia subsimilis","3408876","Menegazzia subsimilis","Parmeliaceae","Fungi","urn:lsid:dyntaxa.se:Taxon:232147","urn:lsid:dyntaxa.se:Taxon:232147","Fungi","Ascomycota","Lecanoromycetes","Lecanorales","Parmeliaceae","Menegazzia","species","atlantisk hållav","5km","(H.Magn.) R.Sant."
"Milvus milvus","5229168","Milvus milvus","Accipitridae","Animalia","urn:lsid:dyntaxa.se:Taxon:100082","urn:lsid:dyntaxa.se:Taxon:100082","Animalia","Chordata","Aves","Accipitriformes","Accipitridae","Milvus","species","röd glada","5km","(Linnaeus, 1758)"
"Milvus milvus x migrans","9927949","Milvus milvus x migrans","Accipitridae","Animalia","urn:lsid:dyntaxa.se:Taxon:267102","urn:lsid:dyntaxa.se:Taxon:267102","Animalia","Chordata","Aves","Accipitriformes","Accipitridae","Milvus","species","röd glada x brun glada","5km",
"Calosoma auropunctatum","6097931","Calosoma auropunctatum","Carabidae","Animalia","urn:lsid:dyntaxa.se:Taxon:100533","urn:lsid:dyntaxa.se:Taxon:100533","Animalia","Arthropoda","Insecta","Coleoptera","Carabidae","Calosoma","species","hedlarvmördare","5km","(Herbst, 1784)"
"Polystichum braunii","2651092","Polystichum braunii","Dryopteridaceae","Plantae","urn:lsid:dyntaxa.se:Taxon:1269","urn:lsid:dyntaxa.se:Taxon:1269","Plantae","Tracheophyta","Polypodiopsida","Polypodiales","Dryopteridaceae","Polystichum","species","skuggbräken","5km","(Spenn.) Fée"
"Asplenium scolopendrium","2650669","Asplenium scolopendrium","Aspleniaceae","Plantae","urn:lsid:dyntaxa.se:Taxon:1228","urn:lsid:dyntaxa.se:Taxon:1228","Plantae","Tracheophyta","Polypodiopsida","Polypodiales","Aspleniaceae","Asplenium","species","hjorttunga","5km","L."
"Nevesia sampaiana","7633952","Nevesia sampaiana","Pannariaceae","Fungi","urn:lsid:dyntaxa.se:Taxon:1155","urn:lsid:dyntaxa.se:Taxon:1155","Fungi","Ascomycota","Lecanoromycetes","Peltigerales","Pannariaceae","Nevesia","species","kastanjegytterlav","5km","(Tav.) P.M.Jørg., L.Lindblom, Wedin & S.Ekman."
"Orchis spitzelii","2849584","Orchis spitzelii","Orchidaceae","Plantae","urn:lsid:dyntaxa.se:Taxon:1122","urn:lsid:dyntaxa.se:Taxon:1122","Plantae","Tracheophyta","Liliopsida","Asparagales","Orchidaceae","Orchis","species","alpnycklar","5km","Saut. ex W. D. J. Koch"
"Malaxis monophyllos","2808211","Malaxis monophyllos","Orchidaceae","Plantae","urn:lsid:dyntaxa.se:Taxon:1056","urn:lsid:dyntaxa.se:Taxon:1056","Plantae","Tracheophyta","Liliopsida","Asparagales","Orchidaceae","Malaxis","species","knottblomster","5km","(L.) Sw."
"Lobaria hallii","5260708","Lobaria hallii","Lobariaceae","Fungi","urn:lsid:dyntaxa.se:Taxon:984","urn:lsid:dyntaxa.se:Taxon:984","Fungi","Ascomycota","Lecanoromycetes","Peltigerales","Lobariaceae","Lobaria","species","hårig skrovellav","5km","(Tuck.) Zahlbr."
"Lobaria amplissima","6018203","Ricasolia amplissima","Lobariaceae","Fungi","urn:lsid:dyntaxa.se:Taxon:983","urn:lsid:dyntaxa.se:Taxon:983","Fungi","Ascomycota","Lecanoromycetes","Peltigerales","Lobariaceae","Lobaria","species","jättelav","5km","(Scop.) Forssell"
"Liparis","11984575","Liparis","Orchidaceae","Plantae","urn:lsid:dyntaxa.se:Taxon:1006378","urn:lsid:dyntaxa.se:Taxon:1006378","Plantae","Tracheophyta","Liliopsida","Asparagales","Orchidaceae","Liparis","genus","gulyxnen","5km","Rich."
"Liparis loeselii","5323092","Liparis loeselii","Orchidaceae","Plantae","urn:lsid:dyntaxa.se:Taxon:980","urn:lsid:dyntaxa.se:Taxon:980","Plantae","Tracheophyta","Liliopsida","Asparagales","Orchidaceae","Liparis","species","gulyxne","5km","(L.) Rich."
"Tuber mesentericum","5258471","Tuber mesentericum","Tuberaceae","Fungi","urn:lsid:dyntaxa.se:Taxon:6308","urn:lsid:dyntaxa.se:Taxon:6308","Fungi","Ascomycota","Pezizomycetes","Pezizales","Tuberaceae","Tuber","species","bagnolitryffel","5km","Vittad."
"Gymnadenia runei","2840551","Gymnadenia runei","Orchidaceae","Plantae","urn:lsid:dyntaxa.se:Taxon:743","urn:lsid:dyntaxa.se:Taxon:743","Plantae","Tracheophyta","Liliopsida","Asparagales","Orchidaceae","Gymnadenia","species","brudkulla","5km","(Teppner & E. Klein) Ericsson"
"Gymnadenia odoratissima","2840474","Gymnadenia odoratissima","Orchidaceae","Plantae","urn:lsid:dyntaxa.se:Taxon:742","urn:lsid:dyntaxa.se:Taxon:742","Plantae","Tracheophyta","Liliopsida","Asparagales","Orchidaceae","Gymnadenia","species","luktsporre","5km","(L.) Rich."
"Evernia illyrica","2605258","Evernia illyrica","Parmeliaceae","Fungi","urn:lsid:dyntaxa.se:Taxon:638","urn:lsid:dyntaxa.se:Taxon:638","Fungi","Ascomycota","Lecanoromycetes","Lecanorales","Parmeliaceae","Evernia","species","grå ringlav","5km","(Zahlbr.) Zahlbr."
"Erioderma pedicellatum","8224590","Erioderma pedicellatum","Pannariaceae","Fungi","urn:lsid:dyntaxa.se:Taxon:622","urn:lsid:dyntaxa.se:Taxon:622","Fungi","Ascomycota","Lecanoromycetes","Peltigerales","Pannariaceae","Erioderma","species","värmlandslav","5km","(Hue) P.M.Jørg."
"Epipogium","2849248","Epipogium","Orchidaceae","Plantae","4306,","urn:lsid:dyntaxa.se:Taxon:1005683","Plantae","Tracheophyta","Liliopsida","Asparagales","Orchidaceae","Epipogium","genus","skogsfrur","5km","R.Br."
"Epipogium aphyllum","2849252","Epipogium aphyllum","Orchidaceae","Plantae","urn:lsid:dyntaxa.se:Taxon:620","urn:lsid:dyntaxa.se:Taxon:620","Plantae","Tracheophyta","Liliopsida","Asparagales","Orchidaceae","Epipogium","species","skogsfru","5km","Sw."
"Epipactis phyllanthes","5318980","Epipactis phyllanthes","Orchidaceae","Plantae","urn:lsid:dyntaxa.se:Taxon:619","urn:lsid:dyntaxa.se:Taxon:619","Plantae","Tracheophyta","Liliopsida","Asparagales","Orchidaceae","Epipactis","species","kal knipprot","5km","G. E. Sm."
"Cypripedium","2820318","Cypripedium","Orchidaceae","Plantae","urn:lsid:dyntaxa.se:Taxon:1006448","urn:lsid:dyntaxa.se:Taxon:1006448","Plantae","Tracheophyta","Liliopsida","Asparagales","Orchidaceae","Cypripedium","genus","guckuskor","5km","L."
"Cypripedium calceolus","2820517","Cypripedium calceolus","Orchidaceae","Plantae","urn:lsid:dyntaxa.se:Taxon:504","urn:lsid:dyntaxa.se:Taxon:504","Plantae","Tracheophyta","Liliopsida","Asparagales","Orchidaceae","Cypripedium","species","guckusko","5km","L."
"Accipiter gentilis","2480589","Accipiter gentilis","Accipitridae","Animalia","urn:lsid:dyntaxa.se:Taxon:100001","urn:lsid:dyntaxa.se:Taxon:100001","Animalia","Chordata","Aves","Accipitriformes","Accipitridae","Accipiter","species","duvhök","5km","(Linnaeus, 1758)"
"Alcedo atthis","2475532","Alcedo atthis","Alcedinidae","Animalia","urn:lsid:dyntaxa.se:Taxon:100004","urn:lsid:dyntaxa.se:Taxon:100004","Animalia","Chordata","Aves","Coraciiformes","Alcedinidae","Alcedo","species","kungsfiskare","5km","(Linnaeus, 1758)"
"Charadrius alexandrinus","2480311","Charadrius alexandrinus","Charadriidae","Animalia","urn:lsid:dyntaxa.se:Taxon:100027","urn:lsid:dyntaxa.se:Taxon:100027","Animalia","Chordata","Aves","Charadriiformes","Charadriidae","Charadrius","species","svartbent strandpipare","5km","Linnaeus, 1758"
"Circus cyaneus","2480487","Circus cyaneus","Accipitridae","Animalia","urn:lsid:dyntaxa.se:Taxon:100034","urn:lsid:dyntaxa.se:Taxon:100034","Animalia","Chordata","Aves","Accipitriformes","Accipitridae","Circus","species","blå kärrhök","5km","(Linnaeus, 1766)"
"Dendrocopos medius","8773033","Dendrocoptes medius","Picidae","Animalia","urn:lsid:dyntaxa.se:Taxon:100047","urn:lsid:dyntaxa.se:Taxon:100047","Animalia","Chordata","Aves","Piciformes","Picidae","Dendrocopos","species","mellanspett","5km","(Linnaeus, 1758)"
"Gallinago media","2481831","Gallinago media","Scolopacidae","Animalia","urn:lsid:dyntaxa.se:Taxon:100061","urn:lsid:dyntaxa.se:Taxon:100061","Animalia","Chordata","Aves","Charadriiformes","Scolopacidae","Gallinago","species","dubbelbeckasin","5km","(Latham, 1787)"
"Gavia stellata","2481958","Gavia stellata","Gaviidae","Animalia","urn:lsid:dyntaxa.se:Taxon:100063","urn:lsid:dyntaxa.se:Taxon:100063","Animalia","Chordata","Aves","Gaviiformes","Gaviidae","Gavia","species","smålom","5km","(Pontoppidan, 1763)"
"Cephalanthera rubra","2795845","Cephalanthera rubra","Orchidaceae","Plantae","urn:lsid:dyntaxa.se:Taxon:290","urn:lsid:dyntaxa.se:Taxon:290","Plantae","Tracheophyta","Liliopsida","Asparagales","Orchidaceae","Cephalanthera","species","röd skogslilja","5km","(L.) Rich."
"Cephalanthera longifolia × rubra","10107319","Cephalanthera longifolia × rubra","Orchidaceae","Plantae","urn:lsid:dyntaxa.se:Taxon:223571","urn:lsid:dyntaxa.se:Taxon:223571","Plantae","Tracheophyta","Liliopsida","Asparagales","Orchidaceae","Cephalanthera","species","hybridskogslilja","5km",
"Dactylorhiza majalis subsp. majalis","2810177","Dactylorhiza majalis subsp. majalis","Orchidaceae","Plantae","urn:lsid:dyntaxa.se:Taxon:514","urn:lsid:dyntaxa.se:Taxon:514","Plantae","Tracheophyta","Liliopsida","Asparagales","Orchidaceae","Dactylorhiza","subspecies","majnycklar","5km",
"Dactylorhiza incarnata var. incarnata × majalis subsp. majalis","10475897","Dactylorhiza incarnata var. incarnata × majalis subsp. majalis","Orchidaceae","Plantae","urn:lsid:dyntaxa.se:Taxon:223583","urn:lsid:dyntaxa.se:Taxon:223583","Plantae","Tracheophyta","Liliopsida","Asparagales","Orchidaceae","Dactylorhiza","species","äkta ängsnycklar × majnycklar","5km",
"Dactylorhiza maculata subsp. fuchsii × majalis subsp. majalis","10115719","Dactylorhiza maculata subsp. fuchsii × majalis subsp. majalis","Orchidaceae","Plantae","urn:lsid:dyntaxa.se:Taxon:223594","urn:lsid:dyntaxa.se:Taxon:223594","Plantae","Tracheophyta","Liliopsida","Asparagales","Orchidaceae","Dactylorhiza","species","skogsnycklar × majnycklar","5km",
"Dactylorhiza maculata subsp. maculata × majalis subsp. majalis","10617732","Dactylorhiza maculata subsp. maculata × majalis subsp. majalis","Orchidaceae","Plantae","urn:lsid:dyntaxa.se:Taxon:223599","urn:lsid:dyntaxa.se:Taxon:223599","Plantae","Tracheophyta","Liliopsida","Asparagales","Orchidaceae","Dactylorhiza","species","Jungfru Marie nycklar × majnycklar","5km",
"Epipactis atrorubens × phyllanthes","10256973","Epipactis atrorubens × phyllanthes","Orchidaceae","Plantae","urn:lsid:dyntaxa.se:Taxon:223608","urn:lsid:dyntaxa.se:Taxon:223608","Plantae","Tracheophyta","Liliopsida","Asparagales","Orchidaceae","Epipactis","species","purpurknipprot × kal knipprot","5km",
"Gymnadenia conopsea × odoratissima","9708234","Gymnadenia conopsea x odoratissima","Orchidaceae","Plantae","urn:lsid:dyntaxa.se:Taxon:223610","urn:lsid:dyntaxa.se:Taxon:223610","Plantae","Tracheophyta","Liliopsida","Asparagales","Orchidaceae","Gymnadenia","species","brudsporre × luktsporre","5km",
"Orchis mascula × spitzelii","10177181","Orchis mascula × spitzelii","Orchidaceae","Plantae","urn:lsid:dyntaxa.se:Taxon:223618","urn:lsid:dyntaxa.se:Taxon:223618","Plantae","Tracheophyta","Liliopsida","Asparagales","Orchidaceae","Orchis","species","Sankt Pers nycklar × alpnycklar","5km",
"Arctomia fascicularis","8560983","Arctomia fascicularis","Arctomiaceae","Fungi","urn:lsid:dyntaxa.se:Taxon:386","urn:lsid:dyntaxa.se:Taxon:386","Fungi","Ascomycota","Lecanoromycetes","Baeomycetales","Arctomiaceae","Arctomia","species","kuddgelélav","5km","(L.) Otálora & Wedin"
"Chenopodium vulvaria","3083932","Chenopodium vulvaria","Amaranthaceae","Plantae","urn:lsid:dyntaxa.se:Taxon:339","urn:lsid:dyntaxa.se:Taxon:339","Plantae","Tracheophyta","Magnoliopsida","Caryophyllales","Amaranthaceae","Chenopodium","species","stinkmålla","5km","L."
"Cetrelia olivetorum s.lat.","2605872","Cetrelia olivetorum","Parmeliaceae","Fungi","urn:lsid:dyntaxa.se:Taxon:305","urn:lsid:dyntaxa.se:Taxon:305","Fungi","Ascomycota","Lecanoromycetes","Lecanorales","Parmeliaceae","Cetrelia","speciesAggregate","jättesköldlav","5km","(Nyl.) W.L.Culb. & C.F.Culb."
"Asplenium ceterach","2650617","Asplenium ceterach","Aspleniaceae","Plantae","urn:lsid:dyntaxa.se:Taxon:304","urn:lsid:dyntaxa.se:Taxon:304","Plantae","Tracheophyta","Polypodiopsida","Polypodiales","Aspleniaceae","Asplenium","species","mjältbräken","5km","L."
"Cephalanthera damasonium","2795952","Cephalanthera damasonium","Orchidaceae","Plantae","urn:lsid:dyntaxa.se:Taxon:289","urn:lsid:dyntaxa.se:Taxon:289","Plantae","Tracheophyta","Liliopsida","Asparagales","Orchidaceae","Cephalanthera","species","stor skogslilja","5km","(Mill.) Druce"
"Calypso","2838907","Calypso","Orchidaceae","Plantae",,"urn:lsid:dyntaxa.se:Taxon:1006537","Plantae","Tracheophyta","Liliopsida","Asparagales","Orchidaceae","Calypso","genus","nornor","5km",
"Calypso bulbosa","5323572","Calypso bulbosa","Orchidaceae","Plantae","urn:lsid:dyntaxa.se:Taxon:233","urn:lsid:dyntaxa.se:Taxon:233","Plantae","Tracheophyta","Liliopsida","Asparagales","Orchidaceae","Calypso","species","norna","5km","(L.) Oakes"
"Calicium lenticulare","2609250","Calicium lenticulare","Caliciaceae","Fungi","urn:lsid:dyntaxa.se:Taxon:216","urn:lsid:dyntaxa.se:Taxon:216","Fungi","Ascomycota","Lecanoromycetes","Caliciales","Caliciaceae","Calicium","species","skuggspiklav","5km","Ach."
"Limosa lapponica","2481681","Limosa lapponica","Scolopacidae","Animalia","urn:lsid:dyntaxa.se:Taxon:100075","urn:lsid:dyntaxa.se:Taxon:100075","Animalia","Chordata","Aves","Charadriiformes","Scolopacidae","Limosa","species","myrspov","5km","(Linnaeus, 1758)"
"Myotis bechsteinii","2432427","Myotis bechsteinii","Vespertilionidae","Animalia","urn:lsid:dyntaxa.se:Taxon:100085","urn:lsid:dyntaxa.se:Taxon:100085","Animalia","Chordata","Mammalia","Chiroptera","Vespertilionidae","Myotis","species","Bechsteins fladdermus","5km","(Kuhl, 1817)"
"Pandion haliaetus","2480726","Pandion haliaetus","Pandionidae","Animalia","urn:lsid:dyntaxa.se:Taxon:100096","urn:lsid:dyntaxa.se:Taxon:100096","Animalia","Chordata","Aves","Accipitriformes","Pandionidae","Pandion","species","fiskgjuse","5km","(Linnaeus, 1758)"
"Pernis apivorus","2480420","Pernis apivorus","Accipitridae","Animalia","urn:lsid:dyntaxa.se:Taxon:100100","urn:lsid:dyntaxa.se:Taxon:100100","Animalia","Chordata","Aves","Accipitriformes","Accipitridae","Pernis","species","bivråk","5km","(Linnaeus, 1758)"
"Strix nebulosa","2497522","Strix nebulosa","Strigidae","Animalia","urn:lsid:dyntaxa.se:Taxon:100136","urn:lsid:dyntaxa.se:Taxon:100136","Animalia","Chordata","Aves","Strigiformes","Strigidae","Strix","species","lappuggla","5km","J.R. Forster, 1772"
"Strix uralensis","2497509","Strix uralensis","Strigidae","Animalia","urn:lsid:dyntaxa.se:Taxon:100137","urn:lsid:dyntaxa.se:Taxon:100137","Animalia","Chordata","Aves","Strigiformes","Strigidae","Strix","species","slaguggla","5km","Pallas, 1771"
"Tetrao urogallus","2473577","Tetrao urogallus","Phasianidae","Animalia","urn:lsid:dyntaxa.se:Taxon:100138","urn:lsid:dyntaxa.se:Taxon:100138","Animalia","Chordata","Aves","Galliformes","Phasianidae","Tetrao","species","tjäder","5km","Linnaeus, 1758"
"Upupa epops","2498415","Upupa epops","Upupidae","Animalia","urn:lsid:dyntaxa.se:Taxon:100143","urn:lsid:dyntaxa.se:Taxon:100143","Animalia","Chordata","Aves","Bucerotiformes","Upupidae","Upupa","species","härfågel","5km","Linnaeus, 1758"
"Ampedus nigerrimus","4429467","Ampedus nigerrimus","Elateridae","Animalia","urn:lsid:dyntaxa.se:Taxon:100265","urn:lsid:dyntaxa.se:Taxon:100265","Animalia","Arthropoda","Insecta","Coleoptera","Elateridae","Ampedus","species","blanksvart rödrock","5km","(Lacordaire, 1835)"
"Bryoria smithii","2606562","Bryoria smithii","Parmeliaceae","Fungi","urn:lsid:dyntaxa.se:Taxon:187","urn:lsid:dyntaxa.se:Taxon:187","Fungi","Ascomycota","Lecanoromycetes","Lecanorales","Parmeliaceae","Bryoria","species","stiftbroktagel","5km","(Du Rietz) Brodo & D.Hawksw."
"Botrychium simplex","2650180","Botrychium simplex","Ophioglossaceae","Plantae","urn:lsid:dyntaxa.se:Taxon:168","urn:lsid:dyntaxa.se:Taxon:168","Plantae","Tracheophyta","Psilotopsida","Ophioglossales","Ophioglossaceae","Botrychium","species","dvärglåsbräken","5km","E. Hitchc."
"Asplenium adulterinum","2650652","Asplenium adulterinum","Aspleniaceae","Plantae","urn:lsid:dyntaxa.se:Taxon:111","urn:lsid:dyntaxa.se:Taxon:111","Plantae","Tracheophyta","Polypodiopsida","Polypodiales","Aspleniaceae","Asplenium","species","brunbräken","5km","Milde"
"Anacamptis pyramidalis","2808330","Anacamptis pyramidalis","Orchidaceae","Plantae","urn:lsid:dyntaxa.se:Taxon:49","urn:lsid:dyntaxa.se:Taxon:49","Plantae","Tracheophyta","Liliopsida","Asparagales","Orchidaceae","Anacamptis","species","salepsrot","5km","(L.) Rich."
"Geastrum flexuosum","8042332","Geastrum flexuosum","Geastraceae","Fungi","urn:lsid:dyntaxa.se:Taxon:1345","urn:lsid:dyntaxa.se:Taxon:1345","Fungi","Basidiomycota","Agaricomycetes","Geastrales","Geastraceae","Geastrum","species","jordstjärnstryffel","5km","(L.S.Domínguez & Castellano) Jeppson & E.Larss."
"Ranunculus ophioglossifolius","3931003","Ranunculus ophioglossifolius","Ranunculaceae","Plantae","urn:lsid:dyntaxa.se:Taxon:1366","urn:lsid:dyntaxa.se:Taxon:1366","Plantae","Tracheophyta","Magnoliopsida","Ranunculales","Ranunculaceae","Ranunculus","species","gotlandsranunkel","5km","Vill."
"Stereocaulon delisei","5261372","Stereocaulon delisei","Stereocaulaceae","Fungi","urn:lsid:dyntaxa.se:Taxon:1532","urn:lsid:dyntaxa.se:Taxon:1532","Fungi","Ascomycota","Lecanoromycetes","Lecanorales","Stereocaulaceae","Stereocaulon","species","bohuspåskrislav","5km","Bory ex Duby"
"Stereocaulon incrustatum","7649786","Stereocaulon incrustatum","Stereocaulaceae","Fungi","urn:lsid:dyntaxa.se:Taxon:1533","urn:lsid:dyntaxa.se:Taxon:1533","Fungi","Ascomycota","Lecanoromycetes","Lecanorales","Stereocaulaceae","Stereocaulon","species","grynig påskrislav","5km","Flörke"
"Sticta fuliginoides","10385873","Sticta fuliginoides","Lobariaceae","Fungi","urn:lsid:dyntaxa.se:Taxon:1534","urn:lsid:dyntaxa.se:Taxon:1534","Fungi","Ascomycota","Lecanoromycetes","Peltigerales","Lobariaceae","Sticta","species","stiftärrlav","5km","Magain & Sérus."
"Sticta limbata","5260683","Sticta limbata","Lobariaceae","Fungi","urn:lsid:dyntaxa.se:Taxon:1535","urn:lsid:dyntaxa.se:Taxon:1535","Fungi","Ascomycota","Lecanoromycetes","Peltigerales","Lobariaceae","Sticta","species","grynig ärrlav","5km","(Sm.) Ach."
"Sticta sylvatica","5260687","Sticta sylvatica","Lobariaceae","Fungi","urn:lsid:dyntaxa.se:Taxon:1536","urn:lsid:dyntaxa.se:Taxon:1536","Fungi","Ascomycota","Lecanoromycetes","Peltigerales","Lobariaceae","Sticta","species","ärrlav","5km","(Huds.) Ach."
"Tuber aestivum","5258469","Tuber aestivum","Tuberaceae","Fungi","urn:lsid:dyntaxa.se:Taxon:1608","urn:lsid:dyntaxa.se:Taxon:1608","Fungi","Ascomycota","Pezizomycetes","Pezizales","Tuberaceae","Tuber","species","sommartryffel","5km","(Wulfen:Fr.) Spreng."
"Callisthenes reticulatus","6097933","Calosoma reticulatum","Carabidae","Animalia","urn:lsid:dyntaxa.se:Taxon:100534","urn:lsid:dyntaxa.se:Taxon:100534","Animalia","Arthropoda","Insecta","Coleoptera","Carabidae","Callisthenes","species","alvarlarvmördare","5km","(Fabricius, 1787)"
"Cardiophorus gramineus","4429138","Cardiophorus gramineus","Elateridae","Animalia","urn:lsid:dyntaxa.se:Taxon:100543","urn:lsid:dyntaxa.se:Taxon:100543","Animalia","Arthropoda","Insecta","Coleoptera","Elateridae","Cardiophorus","species","ekhjärtknäppare","5km","(Scopoli, 1763)"
"Cerambyx cerdo","5820507","Cerambyx cerdo","Cerambycidae","Animalia","urn:lsid:dyntaxa.se:Taxon:100571","urn:lsid:dyntaxa.se:Taxon:100571","Animalia","Arthropoda","Insecta","Coleoptera","Cerambycidae","Cerambyx","species","större ekbock","5km","Linnaeus, 1758"
"Chalcophora mariana","7878882","Chalcophora mariana","Buprestidae","Animalia","urn:lsid:dyntaxa.se:Taxon:100606","urn:lsid:dyntaxa.se:Taxon:100606","Animalia","Arthropoda","Insecta","Coleoptera","Buprestidae","Chalcophora","species","jättepraktbagge","5km","(Linnaeus, 1758)"
"Viola alba × hirta","9787014","Viola alba x hirta","Violaceae","Plantae","urn:lsid:dyntaxa.se:Taxon:224371","urn:lsid:dyntaxa.se:Taxon:224371","Plantae","Tracheophyta","Magnoliopsida","Malpighiales","Violaceae","Viola","species","silverviol × buskviol","5km",
"Viola alba × odorata","10202093","Viola alba x odorata","Violaceae","Plantae","urn:lsid:dyntaxa.se:Taxon:224372","urn:lsid:dyntaxa.se:Taxon:224372","Plantae","Tracheophyta","Magnoliopsida","Malpighiales","Violaceae","Viola","species","silverviol × luktviol","5km",
"Sphecodes spinulosus","1351462","Sphecodes spinulosus","Halictidae","Animalia","urn:lsid:dyntaxa.se:Taxon:106768","urn:lsid:dyntaxa.se:Taxon:106768","Animalia","Arthropoda","Insecta","Hymenoptera","Halictidae","Sphecodes","species","taggblodbi","5km","von Hagens, 1875"
"Pyrenula occidentalis","2598867","Pyrenula occidentalis","Pyrenulaceae","Fungi","urn:lsid:dyntaxa.se:Taxon:1826","urn:lsid:dyntaxa.se:Taxon:1826","Fungi","Ascomycota","Eurotiomycetes","Pyrenulales","Pyrenulaceae","Pyrenula","species","atlantisk vårtlav","5km","(R.C.Harris) R.C.Harris"
"Trapeliopsis viridescens","2599773","Trapeliopsis viridescens","Trapeliaceae","Fungi","urn:lsid:dyntaxa.se:Taxon:1834","urn:lsid:dyntaxa.se:Taxon:1834","Fungi","Ascomycota","Lecanoromycetes","Baeomycetales","Trapeliaceae","Trapeliopsis","species","svartfruktig knotterlav","5km","(Schrad.) Coppins & P.James"
"Viola alba","7296398","Viola alba","Violaceae","Plantae","urn:lsid:dyntaxa.se:Taxon:1661","urn:lsid:dyntaxa.se:Taxon:1661","Plantae","Tracheophyta","Magnoliopsida","Malpighiales","Violaceae","Viola","species","silverviol","5km","Besser"
"Anacamptis palustris","2808399","Anacamptis palustris","Orchidaceae","Plantae","urn:lsid:dyntaxa.se:Taxon:1718","urn:lsid:dyntaxa.se:Taxon:1718","Plantae","Tracheophyta","Liliopsida","Asparagales","Orchidaceae","Anacamptis","species","kärrnycklar","5km","(Jacq.) R. M. Bateman et al."
"Asplenium adulterinum × trichomanes subsp. quadrivalens","9819458","Asplenium adulterinum x trichomanes subsp. quadrivalens","Aspleniaceae","Plantae","urn:lsid:dyntaxa.se:Taxon:224863","urn:lsid:dyntaxa.se:Taxon:224863","Plantae","Tracheophyta","Polypodiopsida","Polypodiales","Aspleniaceae","Asplenium","species","brunbräken × kalksvartbräken","5km",
"Asplenium adulterinum × viride","9735041","Asplenium adulterinum x viride","Aspleniaceae","Plantae","urn:lsid:dyntaxa.se:Taxon:224864","urn:lsid:dyntaxa.se:Taxon:224864","Plantae","Tracheophyta","Polypodiopsida","Polypodiales","Aspleniaceae","Asplenium","species","brunbräken × grönbräken","5km",
"Ischnodes sanguinicollis","4428989","Ischnodes sanguinicollis","Elateridae","Animalia","urn:lsid:dyntaxa.se:Taxon:101140","urn:lsid:dyntaxa.se:Taxon:101140","Animalia","Arthropoda","Insecta","Coleoptera","Elateridae","Ischnodes","species","almknäppare","5km","(Panzer, 1793)"
"Lacon lepidopterus","4428899","Lacon lepidopterus","Elateridae","Animalia","urn:lsid:dyntaxa.se:Taxon:101161","urn:lsid:dyntaxa.se:Taxon:101161","Animalia","Arthropoda","Insecta","Coleoptera","Elateridae","Lacon","species","skimlig fjällknäppare","5km","(Panzer, 1800)"
"Lacon querceus","4428902","Lacon querceus","Elateridae","Animalia","urn:lsid:dyntaxa.se:Taxon:101162","urn:lsid:dyntaxa.se:Taxon:101162","Animalia","Arthropoda","Insecta","Coleoptera","Elateridae","Lacon","species","ekfjällknäppare","5km","(Herbst, 1784)"
"Lytta vesicatoria","1046592","Lytta vesicatoria","Meloidae","Animalia","urn:lsid:dyntaxa.se:Taxon:101257","urn:lsid:dyntaxa.se:Taxon:101257","Animalia","Arthropoda","Insecta","Coleoptera","Meloidae","Lytta","species","spansk fluga","5km","(Linnaeus, 1758)"
"Milvus milvus milvus","7094923","Milvus milvus milvus","Accipitridae","Animalia","urn:lsid:dyntaxa.se:Taxon:233891","urn:lsid:dyntaxa.se:Taxon:233891","Animalia","Chordata","Aves","Accipitriformes","Accipitridae","Milvus","subspecies","röd glada, underarten milvus","5km","(Linnaeus, 1758)"
"Milvus migrans migrans","7094921","Milvus migrans migrans","Accipitridae","Animalia","urn:lsid:dyntaxa.se:Taxon:233892","urn:lsid:dyntaxa.se:Taxon:233892","Animalia","Chordata","Aves","Accipitriformes","Accipitridae","Milvus","subspecies","brun glada, underarten migrans","5km","(Boddaert, 1783)"
"Circus cyaneus cyaneus","7191171","Circus cyaneus cyaneus","Accipitridae","Animalia","urn:lsid:dyntaxa.se:Taxon:233896","urn:lsid:dyntaxa.se:Taxon:233896","Animalia","Chordata","Aves","Accipitriformes","Accipitridae","Circus","subspecies","blå kärrhök, underarten cyaneus","5km","(Linnaeus, 1766)"
"Accipiter gentilis gentilis","7191196","Accipiter gentilis gentilis","Accipitridae","Animalia","urn:lsid:dyntaxa.se:Taxon:233897","urn:lsid:dyntaxa.se:Taxon:233897","Animalia","Chordata","Aves","Accipitriformes","Accipitridae","Accipiter","subspecies","duvhök, underarten gentilis","5km","(Linnaeus, 1758)"
"Buteo lagopus","2480524","Buteo lagopus","Accipitridae","Animalia","urn:lsid:dyntaxa.se:Taxon:102110","urn:lsid:dyntaxa.se:Taxon:102110","Animalia","Chordata","Aves","Accipitriformes","Accipitridae","Buteo","species","fjällvråk","5km","(Pontoppidan, 1763)"
"Buteo lagopus lagopus","7191148","Buteo lagopus lagopus","Accipitridae","Animalia","urn:lsid:dyntaxa.se:Taxon:233899","urn:lsid:dyntaxa.se:Taxon:233899","Animalia","Chordata","Aves","Accipitriformes","Accipitridae","Buteo","subspecies","fjällvråk, underarten lagopus","5km","(Pontoppidan, 1763)"
"Pandion haliaetus haliaetus","7191206","Pandion haliaetus haliaetus","Pandionidae","Animalia","urn:lsid:dyntaxa.se:Taxon:233902","urn:lsid:dyntaxa.se:Taxon:233902","Animalia","Chordata","Aves","Accipitriformes","Pandionidae","Pandion","subspecies","fiskgjuse, underarten haliaetus","5km","(Linnaeus, 1758)"
"Falco columbarius","9813242","Falco columbarius","Falconidae","Animalia","urn:lsid:dyntaxa.se:Taxon:102611","urn:lsid:dyntaxa.se:Taxon:102611","Animalia","Chordata","Aves","Falconiformes","Falconidae","Falco","species","stenfalk","5km","Linnaeus, 1758"
"Falco columbarius aesalon","6177986","Falco columbarius aesalon","Falconidae","Animalia","urn:lsid:dyntaxa.se:Taxon:233905","urn:lsid:dyntaxa.se:Taxon:233905","Animalia","Chordata","Aves","Falconiformes","Falconidae","Falco","subspecies","stenfalk, underarten aesalon","5km","Tunstall, 1771"
"Falco subbuteo","2481035","Falco subbuteo","Falconidae","Animalia","urn:lsid:dyntaxa.se:Taxon:102943","urn:lsid:dyntaxa.se:Taxon:102943","Animalia","Chordata","Aves","Falconiformes","Falconidae","Falco","species","lärkfalk","5km","Linnaeus, 1758"
"Falco subbuteo subbuteo","7094834","Falco subbuteo subbuteo","Falconidae","Animalia","urn:lsid:dyntaxa.se:Taxon:233906","urn:lsid:dyntaxa.se:Taxon:233906","Animalia","Chordata","Aves","Falconiformes","Falconidae","Falco","subspecies","lärkfalk, underarten subbuteo","5km","Linnaeus, 1758"
"Tetrao urogallus urogallus","7191071","Tetrao urogallus urogallus","Phasianidae","Animalia","urn:lsid:dyntaxa.se:Taxon:233911","urn:lsid:dyntaxa.se:Taxon:233911","Animalia","Chordata","Aves","Galliformes","Phasianidae","Tetrao","subspecies","tjäder, underarten urogallus","5km","Linnaeus, 1758"
"Limosa lapponica lapponica","7192460","Limosa lapponica lapponica","Scolopacidae","Animalia","urn:lsid:dyntaxa.se:Taxon:233922","urn:lsid:dyntaxa.se:Taxon:233922","Animalia","Chordata","Aves","Charadriiformes","Scolopacidae","Limosa","subspecies","myrspov, underarten lapponica","5km","(Linnaeus, 1758)"
"Charadrius alexandrinus alexandrinus","7192445","Charadrius alexandrinus alexandrinus","Charadriidae","Animalia","urn:lsid:dyntaxa.se:Taxon:233927","urn:lsid:dyntaxa.se:Taxon:233927","Animalia","Chordata","Aves","Charadriiformes","Charadriidae","Charadrius","subspecies","svartbent strandpipare, underarten alexandrinus","5km","(Linnaeus, 1758)"
"Surnia ulula","2497894","Surnia ulula","Strigidae","Animalia","urn:lsid:dyntaxa.se:Taxon:102620","urn:lsid:dyntaxa.se:Taxon:102620","Animalia","Chordata","Aves","Strigiformes","Strigidae","Surnia","species","hökuggla","5km","(Linnaeus, 1758)"
"Surnia ulula ulula","7191252","Surnia ulula ulula","Strigidae","Animalia","urn:lsid:dyntaxa.se:Taxon:233959","urn:lsid:dyntaxa.se:Taxon:233959","Animalia","Chordata","Aves","Strigiformes","Strigidae","Surnia","subspecies","hökuggla, underarten ulula","5km","(Linnaeus, 1758)"
"Strix nebulosa lapponica","6176052","Strix nebulosa lapponica","Strigidae","Animalia","urn:lsid:dyntaxa.se:Taxon:233962","urn:lsid:dyntaxa.se:Taxon:233962","Animalia","Chordata","Aves","Strigiformes","Strigidae","Strix","subspecies","lappuggla, underarten lapponica","5km","Thunberg, 1798"
"Strix uralensis liturata","6176015","Strix uralensis liturata","Strigidae","Animalia","urn:lsid:dyntaxa.se:Taxon:233963","urn:lsid:dyntaxa.se:Taxon:233963","Animalia","Chordata","Aves","Strigiformes","Strigidae","Strix","subspecies","slaguggla, underarten liturata","5km","Lindroth, 1788"
"Asio flammeus","2497295","Asio flammeus","Strigidae","Animalia","urn:lsid:dyntaxa.se:Taxon:102117","urn:lsid:dyntaxa.se:Taxon:102117","Animalia","Chordata","Aves","Strigiformes","Strigidae","Asio","species","jorduggla","5km","(Pontoppidan, 1763)"
"Asio flammeus flammeus","7191243","Asio flammeus flammeus","Strigidae","Animalia","urn:lsid:dyntaxa.se:Taxon:233965","urn:lsid:dyntaxa.se:Taxon:233965","Animalia","Chordata","Aves","Strigiformes","Strigidae","Asio","subspecies","jorduggla, underarten flammeus","5km","(Pontoppidan, 1763)"
"Upupa epops epops","9187376","Upupa epops epops","Upupidae","Animalia","urn:lsid:dyntaxa.se:Taxon:233974","urn:lsid:dyntaxa.se:Taxon:233974","Animalia","Chordata","Aves","Bucerotiformes","Upupidae","Upupa","subspecies","härfågel, underarten epops","5km","Linnaeus, 1758"
"Alcedo atthis atthis","7191436","Alcedo atthis atthis","Alcedinidae","Animalia","urn:lsid:dyntaxa.se:Taxon:233976","urn:lsid:dyntaxa.se:Taxon:233976","Animalia","Chordata","Aves","Coraciiformes","Alcedinidae","Alcedo","subspecies","kungsfiskare, underarten atthis","5km","(Linnaeus, 1758)"
"Dendrocopos medius medius","9038122","Dendrocoptes medius medius","Picidae","Animalia","urn:lsid:dyntaxa.se:Taxon:233983","urn:lsid:dyntaxa.se:Taxon:233983","Animalia","Chordata","Aves","Piciformes","Picidae","Dendrocopos","subspecies","mellanspett, underarten medius","5km","(Linnaeus, 1758)"
"Melitta melanura","5040855","Melitta melanura","Melittidae","Animalia","urn:lsid:dyntaxa.se:Taxon:101299","urn:lsid:dyntaxa.se:Taxon:101299","Animalia","Arthropoda","Insecta","Hymenoptera","Melittidae","Melitta","species","storblomsterbi","5km","(Nylander, 1852)"
"Meloe brevicollis","4457545","Meloe brevicollis","Meloidae","Animalia","urn:lsid:dyntaxa.se:Taxon:101302","urn:lsid:dyntaxa.se:Taxon:101302","Animalia","Arthropoda","Insecta","Coleoptera","Meloidae","Meloe","species","korthalsad majbagge","5km","Panzer, 1793"
"Monochamus sartor","8265082","Monochamus sartor","Cerambycidae","Animalia","urn:lsid:dyntaxa.se:Taxon:101341","urn:lsid:dyntaxa.se:Taxon:101341","Animalia","Arthropoda","Insecta","Coleoptera","Cerambycidae","Monochamus","species","granbock","5km","(Fabricius, 1787)"
"Parnassius mnemosyne","1938520","Parnassius mnemosyne","Papilionidae","Animalia","urn:lsid:dyntaxa.se:Taxon:101510","urn:lsid:dyntaxa.se:Taxon:101510","Animalia","Arthropoda","Insecta","Lepidoptera","Papilionidae","Parnassius","species","mnemosynefjäril","5km","(Linnaeus, 1758)"
"Plebejus argyrognomon","5714680","Plebejus argyrognomon","Lycaenidae","Animalia","urn:lsid:dyntaxa.se:Taxon:101598","urn:lsid:dyntaxa.se:Taxon:101598","Animalia","Arthropoda","Insecta","Lepidoptera","Lycaenidae","Plebejus","species","kronärtsblåvinge","5km","(Bergsträsser, 1779)"
"Prostomis mandibularis","1045176","Prostomis mandibularis","Prostomidae","Animalia","urn:lsid:dyntaxa.se:Taxon:101635","urn:lsid:dyntaxa.se:Taxon:101635","Animalia","Arthropoda","Insecta","Coleoptera","Prostomidae","Prostomis","species",,"5km","(Fabricius, 1801)"
"Reitterelater dubius","4428690","Reitterelater dubius","Elateridae","Animalia","urn:lsid:dyntaxa.se:Taxon:101700","urn:lsid:dyntaxa.se:Taxon:101700","Animalia","Arthropoda","Insecta","Coleoptera","Elateridae","Reitterelater","species","eksavknäppare","5km","Platia & Cate, 1990"
"Eresus sandaliatus","2164353","Eresus sandaliatus","Eresidae","Animalia","urn:lsid:dyntaxa.se:Taxon:102563","urn:lsid:dyntaxa.se:Taxon:102563","Animalia","Arthropoda","Arachnida","Araneae","Eresidae","Eresus","species","nyckelpigespindel","5km","(Martini & Goeze, 1778)"
"Andrena chrysopyga","1358209","Andrena chrysopyga","Andrenidae","Animalia","urn:lsid:dyntaxa.se:Taxon:102665","urn:lsid:dyntaxa.se:Taxon:102665","Animalia","Arthropoda","Insecta","Hymenoptera","Andrenidae","Andrena","species","stäppsandbi","5km","Schenck, 1853"
"Halictus quadricinctus","1353236","Halictus quadricinctus","Halictidae","Animalia","urn:lsid:dyntaxa.se:Taxon:102681","urn:lsid:dyntaxa.se:Taxon:102681","Animalia","Arthropoda","Insecta","Hymenoptera","Halictidae","Halictus","species","storbandbi","5km","(Fabricius, 1777)"
"Nomada integra","1343808","Nomada integra","Apidae","Animalia","urn:lsid:dyntaxa.se:Taxon:102695","urn:lsid:dyntaxa.se:Taxon:102695","Animalia","Arthropoda","Insecta","Hymenoptera","Apidae","Nomada","species","slåttergökbi","5km","Brullé, 1832"
"Botrychium tenebrosum","8157414","Botrychium tenebrosum","Ophioglossaceae","Plantae","urn:lsid:dyntaxa.se:Taxon:264287","urn:lsid:dyntaxa.se:Taxon:264287","Plantae","Tracheophyta","Psilotopsida","Ophioglossales","Ophioglossaceae","Botrychium","species","pysslinglåsbräken","5km","A.A. Eaton"
"Cephalanthera damasonium × longifolia","10503134","Cephalanthera damasonium × longifolia","Orchidaceae","Plantae","urn:lsid:dyntaxa.se:Taxon:264305","urn:lsid:dyntaxa.se:Taxon:264305","Plantae","Tracheophyta","Liliopsida","Asparagales","Orchidaceae","Cephalanthera","species","stor skogslilja × vit skogslilja","5km",
"Dactylorhiza majalis","2810155","Dactylorhiza majalis","Orchidaceae","Plantae","urn:lsid:dyntaxa.se:Taxon:264308","urn:lsid:dyntaxa.se:Taxon:264308","Plantae","Tracheophyta","Liliopsida","Asparagales","Orchidaceae","Dactylorhiza","species","dubbelnycklar","5km","(Rchb.) P. F. Hunt & Summerh."
"Dactylorhiza majalis subsp. baltica","8119645","Dactylorhiza majalis subsp. baltica","Orchidaceae","Plantae","urn:lsid:dyntaxa.se:Taxon:222411","urn:lsid:dyntaxa.se:Taxon:222411","Plantae","Tracheophyta","Liliopsida","Asparagales","Orchidaceae","Dactylorhiza","subspecies","baltnycklar","5km","(Klinge) H. Sund."
"Epipactis helleborine × phyllanthes","10653483","Epipactis helleborine × phyllanthes","Orchidaceae","Plantae","urn:lsid:dyntaxa.se:Taxon:264310","urn:lsid:dyntaxa.se:Taxon:264310","Plantae","Tracheophyta","Liliopsida","Asparagales","Orchidaceae","Epipactis","species","skogsknipprot × kal knipprot","5km",
"Parnassius mnemosyne argiope","7887132","Parnassius mnemosyne argiope","Papilionidae","Animalia","urn:lsid:dyntaxa.se:Taxon:259035","urn:lsid:dyntaxa.se:Taxon:259035","Animalia","Arthropoda","Insecta","Lepidoptera","Papilionidae","Parnassius","subspecies",,"5km","Fruhstorfer, 1917"
"Parnassius mnemosyne romani","8123177","Parnassius mnemosyne romani","Papilionidae","Animalia","urn:lsid:dyntaxa.se:Taxon:259036","urn:lsid:dyntaxa.se:Taxon:259036","Animalia","Arthropoda","Insecta","Lepidoptera","Papilionidae","Parnassius","subspecies",,"5km","Bryk, 1922"
"Parnassius mnemosyne nordstromi","7387437","Parnassius mnemosyne nordstromi","Papilionidae","Animalia","urn:lsid:dyntaxa.se:Taxon:259037","urn:lsid:dyntaxa.se:Taxon:259037","Animalia","Arthropoda","Insecta","Lepidoptera","Papilionidae","Parnassius","subspecies",,"5km","Bryk, 1940"
"Parnassius mnemosyne atlanticus","8160393","Parnassius mnemosyne atlanticus","Papilionidae","Animalia","urn:lsid:dyntaxa.se:Taxon:259038","urn:lsid:dyntaxa.se:Taxon:259038","Animalia","Arthropoda","Insecta","Lepidoptera","Papilionidae","Parnassius","subspecies",,"5km","Opheim, 1949"
"Plebejus argyrognomon norvegicus","1926824","Lycaeides argyrognomon","Lycaenidae","Animalia","urn:lsid:dyntaxa.se:Taxon:259073","urn:lsid:dyntaxa.se:Taxon:259073","Animalia","Arthropoda","Insecta","Lepidoptera","Lycaenidae","Plebejus","subspecies",,"5km","(Nordström, 1935)"
"Polystichum aculeatum × braunii","9974384","Polystichum aculeatum x braunii","Dryopteridaceae","Plantae","urn:lsid:dyntaxa.se:Taxon:264827","urn:lsid:dyntaxa.se:Taxon:264827","Plantae","Tracheophyta","Polypodiopsida","Polypodiales","Dryopteridaceae","Polystichum","species","uddbräken × skuggbräken","5km",
"Asplenium adulterinum × trichomanes subsp. trichomanes","10105336","Asplenium adulterinum × trichomanes subsp. trichomanes","Aspleniaceae","Plantae","urn:lsid:dyntaxa.se:Taxon:264834","urn:lsid:dyntaxa.se:Taxon:264834","Plantae","Tracheophyta","Polypodiopsida","Polypodiales","Aspleniaceae","Asplenium","species","brunbräken × vanlig svartbräken","5km",
"Falco vespertinus","2481062","Falco vespertinus","Falconidae","Animalia","urn:lsid:dyntaxa.se:Taxon:103062","urn:lsid:dyntaxa.se:Taxon:103062","Animalia","Chordata","Aves","Falconiformes","Falconidae","Falco","species","aftonfalk","5km","Linnaeus, 1766"
"Dactylorhiza majalis subsp. integrata","2810278","Dactylorhiza majalis subsp. praetermissa","Orchidaceae","Plantae","urn:lsid:dyntaxa.se:Taxon:264959","urn:lsid:dyntaxa.se:Taxon:264959","Plantae","Tracheophyta","Liliopsida","Asparagales","Orchidaceae","Dactylorhiza","subspecies","englandsnycklar","5km","(E. G. Camus) H. A. Pedersen"
"Dactylorhiza majalis var. integrata","2810278","Dactylorhiza majalis subsp. praetermissa","Orchidaceae","Plantae","urn:lsid:dyntaxa.se:Taxon:264961","urn:lsid:dyntaxa.se:Taxon:264961","Plantae","Tracheophyta","Liliopsida","Asparagales","Orchidaceae","Dactylorhiza","variety","äkta englandsnycklar","5km","(E. G. Camus) H. A. Pedersen"
"Dactylorhiza majalis var. junialis","2810278","Dactylorhiza majalis subsp. praetermissa","Orchidaceae","Plantae","urn:lsid:dyntaxa.se:Taxon:264962","urn:lsid:dyntaxa.se:Taxon:264962","Plantae","Tracheophyta","Liliopsida","Asparagales","Orchidaceae","Dactylorhiza","variety","leopardnycklar","5km","(Verm.) R. M. Bateman & Denholm"
"Dactylorhiza incarnata var. incarnata × majalis subsp. integrata","10619023","Dactylorhiza incarnata var. incarnata × majalis subsp. integrata","Orchidaceae","Plantae","urn:lsid:dyntaxa.se:Taxon:264965","urn:lsid:dyntaxa.se:Taxon:264965","Plantae","Tracheophyta","Liliopsida","Asparagales","Orchidaceae","Dactylorhiza","species","äkta ängsnycklar × englandsnycklar","5km",
"Epipactis leptochila × phyllanthes","10520040","Epipactis leptochila × phyllanthes","Orchidaceae","Plantae","urn:lsid:dyntaxa.se:Taxon:264978","urn:lsid:dyntaxa.se:Taxon:264978","Plantae","Tracheophyta","Liliopsida","Asparagales","Orchidaceae","Epipactis","species","grön knipprot × kal knipprot","5km",
"Ophrys apifera","2792998","Ophrys apifera","Orchidaceae","Plantae","urn:lsid:dyntaxa.se:Taxon:264979","urn:lsid:dyntaxa.se:Taxon:264979","Plantae","Tracheophyta","Liliopsida","Asparagales","Orchidaceae","Ophrys","species","biblomster","5km","Huds."
"Dactylorhiza incarnata var. ochroleuca × majalis subsp. majalis","10021416","Dactylorhiza incarnata var. ochroleuca × majalis subsp. majalis","Orchidaceae","Plantae","urn:lsid:dyntaxa.se:Taxon:223586","urn:lsid:dyntaxa.se:Taxon:223586","Plantae","Tracheophyta","Liliopsida","Asparagales","Orchidaceae","Dactylorhiza","species","vaxnycklar × majnycklar","5km",
"Dactylorhiza majalis subsp. elatior","8312867","Dactylorhiza majalis subsp. elatior","Orchidaceae","Plantae","urn:lsid:dyntaxa.se:Taxon:6002893","urn:lsid:dyntaxa.se:Taxon:6002893","Plantae","Tracheophyta","Liliopsida","Asparagales","Orchidaceae","Dactylorhiza","subspecies","gotlandsnycklar","5km","(Fr.) Hedren & H.A.Pedersen"
"Dactylorhiza majalis subsp. majalis × subsp. integrata var. integrata","2809736","Dactylorhiza","Orchidaceae","Plantae","urn:lsid:dyntaxa.se:Taxon:6008881","urn:lsid:dyntaxa.se:Taxon:6008881","Plantae","Tracheophyta","Liliopsida","Asparagales","Orchidaceae","Dactylorhiza","species","majnycklar × äkta englandsnycklar","5km",
"Dactylorhiza majalis subsp. majalis × subsp. purpurella var. pulchella","2809736","Dactylorhiza","Orchidaceae","Plantae","urn:lsid:dyntaxa.se:Taxon:6008882","urn:lsid:dyntaxa.se:Taxon:6008882","Plantae","Tracheophyta","Liliopsida","Asparagales","Orchidaceae","Dactylorhiza","species","majnycklar × äkta strandnycklar","5km",
"Dactylorhiza maculata subsp. fuchsii × majalis subsp. elatior","9941957","Dactylorhiza maculata subsp. fuchsii × majalis subsp. elatior","Orchidaceae","Plantae","urn:lsid:dyntaxa.se:Taxon:6010520","urn:lsid:dyntaxa.se:Taxon:6010520","Plantae","Tracheophyta","Liliopsida","Asparagales","Orchidaceae","Dactylorhiza","species","skogsnycklar × gotlandsnycklar","5km",
"Asplenium adulterinum × trichomanes","10313917","Asplenium adulterinum × trichomanes","Aspleniaceae","Plantae","urn:lsid:dyntaxa.se:Taxon:6010635","urn:lsid:dyntaxa.se:Taxon:6010635","Plantae","Tracheophyta","Polypodiopsida","Polypodiales","Aspleniaceae","Asplenium","species","brunbräken × svartbräken","5km",
"Epipactis phyllanthes subsp. arenaria","5318980","Epipactis phyllanthes","Orchidaceae","Plantae","urn:lsid:dyntaxa.se:Taxon:6031493","urn:lsid:dyntaxa.se:Taxon:6031493","Plantae","Tracheophyta","Liliopsida","Asparagales","Orchidaceae","Epipactis","subspecies","sandknipprot","5km","S.Birkedal & Kreutz"
"Epipactis phyllanthes subsp. confusa","5318980","Epipactis phyllanthes","Orchidaceae","Plantae","urn:lsid:dyntaxa.se:Taxon:6031495","urn:lsid:dyntaxa.se:Taxon:6031495","Plantae","Tracheophyta","Liliopsida","Asparagales","Orchidaceae","Epipactis","subspecies","dansk knipprot","5km","(P.D.Young) Løtnant"
"Epipactis phyllanthes subsp. pendula","5318980","Epipactis phyllanthes","Orchidaceae","Plantae","urn:lsid:dyntaxa.se:Taxon:6031494","urn:lsid:dyntaxa.se:Taxon:6031494","Plantae","Tracheophyta","Liliopsida","Asparagales","Orchidaceae","Epipactis","subspecies","engelsk knipprot","5km","(C.A.Thomas) Kreutz"
"Accipiter gentilis buteoides","6066148","Accipiter gentilis buteoides","Accipitridae","Animalia","urn:lsid:dyntaxa.se:Taxon:6046616","urn:lsid:dyntaxa.se:Taxon:6046616","Animalia","Chordata","Aves","Accipitriformes","Accipitridae","Accipiter","subspecies","duvhök, underarten buteoides","5km","(Menzbier, 1882)"
"Cetrelia cetrarioides","2605867","Cetrelia cetrarioides","Parmeliaceae","Fungi","urn:lsid:dyntaxa.se:Taxon:6051141","urn:lsid:dyntaxa.se:Taxon:6051141","Fungi","Ascomycota","Lecanoromycetes","Lecanorales","Parmeliaceae","Cetrelia","species",,"5km","(Duby) W.L.Culb. & C.F.Culb."
"Cetrelia monachorum","2605874","Cetrelia monachorum","Parmeliaceae","Fungi","urn:lsid:dyntaxa.se:Taxon:6051142","urn:lsid:dyntaxa.se:Taxon:6051142","Fungi","Ascomycota","Lecanoromycetes","Lecanorales","Parmeliaceae","Cetrelia","species",,"5km","(Zahlbr.) W.L.Culb. & C.F.Culb."
"Cetrelia olivetorum","2605872","Cetrelia olivetorum","Parmeliaceae","Fungi","urn:lsid:dyntaxa.se:Taxon:6051143","urn:lsid:dyntaxa.se:Taxon:6051143","Fungi","Ascomycota","Lecanoromycetes","Lecanorales","Parmeliaceae","Cetrelia","species",,"5km","(Nyl.) W.L.Culb. & C.F.Culb."
